"Network Destination (Destination Instance)","Product ID","Product Page URL","UPC","Product Name","Asker Display Name","Question Submission Date","Question Title","Question Text","Answer Submission Date","Answer Text","# Days To Answer","Marked ""Can't Answer""","Answered by Brand","Question ID"
"homedepot","301447066","https://www.homedepot.com/p/Leviton-15-Amp-Industrial-Grade-Heavy-Duty-Double-Pole-Double-Throw-Center-Off-Maintained-Contact-Toggle-Switch-Brown-1282-1282/301447066","078477168141","15 Amp Industrial Grade Heavy Duty Double-Pole Double-Throw Center-Off Maintained Contact Toggle Switch, Brown 1282","Mike4DIY","2025-10-31 17:54:41","I want to do EXACTLY as described by user ""bulldog1024"", but the picture referenced is NOT included with the answer. Is there a way to get access to it? I've learned a DPDT switch CAN do this, provided the load does not exceed switch current rating.","","","","","No","","10824093"
"homedepot","327042541","https://www.homedepot.com/p/Leviton-Decora-Smart-Wi-Fi-Outdoor-Plug-Matter-Enabled-Weather-Resistant-works-w-My-Leviton-Anywhere-Switch-Companion-D215O-R05-1RE/327042541","078477698334","Decora Smart Wi-Fi Outdoor Plug, Matter Enabled, Weather Resistant, works w/My , Anywhere Switch Companion","BobAmerica","2025-08-17 18:08:37","Does this have a cell phone app designed or engineered in China? All of the other wireless plugs like Tapo are Chinese companies with Apps that can be used to gain backdoor access into your home network and cell phone.","","","","","No","","10675290"
"homedepot","301378726","https://www.homedepot.com/p/Leviton-Toggle-Slide-Dimmer-Switch-for-Dimmable-LED-Halogen-and-Incandescent-Bulbs-White-TSL06-1KW-R12-TSL06-1KW/301378726","078477840047","Toggle Slide Dimmer Switch for Dimmable LED, Halogen and Incandescent Bulbs - White TSL06-1KW","gola","2025-08-29 12:15:42","double dimming switch? I can't seem to find this same thing with a double switch format? Does it exist? I can see the double switch plate but no switches with dimmers like this one. Thank you","","","","","No","","10701705"
"homedepot","327840632","https://www.homedepot.com/p/2nd-Gen-2-Pole-50-Amp-Smart-Circuit-Breaker-w-Remote-Control-Standard-120-240-Volt-and-120-208-Volt-Thermal-Magnetic-R15-LB250-STR/327840632","078477005484","2nd Gen 2-Pole 50 Amp Smart Circuit Breaker w/Remote Control, Standard 120/240-Volt and 120/208-Volt, Thermal Magnetic","Caimon2","2025-11-19 14:05:19","How do I find out if this is compatible with Siemens electrical catalog part # W0816B1200CT series A. Any help is appreciated.","","","","","No","","10866599"
"homedepot","301370402","https://www.homedepot.com/p/Leviton-Trimatron-Rotary-Dimmer-Switch-for-Dimmable-LED-Halogen-and-Incandescent-Bulbs-White-RNL06-TW-R00-RNL06-0TW/301370402","078477855614","Trimatron Rotary Dimmer Switch for Dimmable LED, Halogen and Incandescent Bulbs - White RNL06-TW","Mike","2025-08-20 12:53:34","When this switch is clicked to 'off' is the circuit fully disconnected, or is it just at the lowest dimmer setting which could still leaking a small bit of current?","","","","","No","","10680978"
"homedepot","207106566","https://www.homedepot.com/p/Leviton-600-Watt-250-Volt-White-Outlet-Box-Lampholder-49875-R50-49875-000/207106566","078477323007","600-Watt 250-Volt White Outlet Box Lampholder 49875","screws","2025-09-15 11:36:44","What size screws comes with this","","","","","No","","10734083"
"homedepot","322925920","https://www.homedepot.com/p/Leviton-Decora-In-Wall-Combination-Humidity-Sensor-Fan-Control-w-Light-Switch-1-4-HP-Residential-Grade-Single-Pole-White-002-DHD05-1LW/322925920","078477472583","Decora In-Wall Combination Humidity Sensor & Fan Control w/Light Switch, 1/4 HP, Residential Grade, Single Pole, White","John","2025-11-30 15:22:36","Does the built in humidity sensor or built in timer also turn off the light, or does it only turn off the fan?","","2025-12-09 01:52:46","It control just the fan. Unless your fan with light is wired together then it would turn off both","9","No","","10891150"
"homedepot","322306961","https://www.homedepot.com/p/Leviton-Decora-Occupancy-Motion-Sensor-Light-Switch-Auto-On-15A-Residential-Grade-Single-Pole-Multi-Way-or-Multi-Sensor-DOS15-1LZ/322306961","078477471272","Decora Occupancy Motion Sensor Light Switch, Auto-On, 15A, Residential Grade, Single Pole, Multi-Way or Multi-Sensor","James","2025-10-30 14:33:09","Do I need to replace my current bulbs with once that are compatible with the sensors or do they work with any bulb","","","","","No","","10821491"
"homedepot","322925920","https://www.homedepot.com/p/Leviton-Decora-In-Wall-Combination-Humidity-Sensor-Fan-Control-w-Light-Switch-1-4-HP-Residential-Grade-Single-Pole-White-002-DHD05-1LW/322925920","078477472583","Decora In-Wall Combination Humidity Sensor & Fan Control w/Light Switch, 1/4 HP, Residential Grade, Single Pole, White","Minny","2025-08-14 11:40:43","Will this switch work with a fan and light combo with an LED nightlight such as the Panasonic FV-0511VFL1?","","","","","No","","10668809"
"homedepot","301305065","https://www.homedepot.com/p/Leviton-15-Amp-250-Volt-Armored-Grounding-Plug-Steel-615PA-615PA/301305065","078477842416","15 Amp 250-Volt Armored Grounding Plug, Steel 615PA","Gary","2025-12-04 13:35:33","Is it possible to connect UF wire to this plug? It was not possible for me. The cable is too stiff, the conductors are too flimsy (stranded, and will not obey attempts to wrap around a screw). The cable is 12 gauge. Perhaps this is the problem.","","","","","No","","10900385"
"homedepot","315854519","https://www.homedepot.com/p/Leviton-Decora-Smart-Wi-Fi-300W-Single-Pole-Mini-Plug-In-Dimmer-2nd-Gen-No-Hub-Required-Works-with-Google-Alexa-HomeKit-R02-D23LP-1RW/315854519","078477363256","Decora Smart Wi-Fi 300W Single Pole Mini Plug-In Dimmer (2nd Gen), No Hub Required, Works with Google, Alexa, & HomeKit","Donna","2025-08-25 13:54:12","Could I use 3 of these with one Anywhere Dimmer Companion (DAWDC) and dim 3 lamps at the same time?","","","","","No","","10693185"
"homedepot","206942378","https://www.homedepot.com/p/Leviton-Decora-Slide-Dimmer-Switch-for-Dimmable-LED-Halogen-and-Incandescent-Bulbs-White-Light-Almond-DSL06-1TW-R11-DSL06-1TW/206942378","078477762783","Decora Slide Dimmer Switch for Dimmable LED, Halogen and Incandescent Bulbs, White/Light Almond DSL06-1TW","Markinredding","2025-09-19 02:34:46","Mine causes sound issues with my home theater. Are the rated EMI certified? Causes audio to cutout on mine.","","","","","No","","10741719"
"homedepot","309938460","https://www.homedepot.com/p/Leviton-2-15-in-2-Gang-Magnetic-Stainless-Steel-Range-and-Dryer-Wallplate-Standard-Size-C-Series-Type-430-SL703-R50-SL703-000/309938460","078477919309","2.15 in. 2-Gang Magnetic Stainless Steel Range and Dryer Wallplate, Standard Size C-Series, Type 430 SL703","Brian","2025-11-28 19:36:30","Will this work for a 2 gang new construction plastic box. All the ones in stock the screw holes do not line up.","","","","","No","","10887006"
"homedepot","329409709","https://www.homedepot.com/p/Leviton-20-Amp-Decora-Type-A-and-Type-C-Combination-Duplex-Tamper-Resistant-Outlet-and-USB-Charger-White-T5833-BW-R02-T5833-0BW/329409709","078477867303","20 Amp Decora Type A and Type C Combination Duplex Tamper Resistant Outlet and USB Charger, White T5833-BW","Rick","2025-10-16 20:13:47","Will this fit in an old work box (double) along with a 20 amp outlet combo with the 15 amp single pole switch?","","","","","No","","10793531"
"homedepot","300292747","https://www.homedepot.com/p/Leviton-20-Amp-250-Volt-NEMA-6-20R-2-Pole-Commercial-Grade-Single-Straight-Blade-Receptacle-White-5821-W-5821-W/300292747","078477249871","20 Amp 250-Volt NEMA 6-20R 2-Pole Commercial Grade Single Straight Blade Receptacle, White 5821-W","Converter","2025-09-05 19:22:15","I have a 15 amp AC unit 1800 Watts with 15amo plug, what type of converter do I need to plug into this 20amp outlet receptacle?","","","","","No","","10716751"
"homedepot","315782019","https://www.homedepot.com/p/Leviton-Decora-Smart-15-Amp-Wi-Fi-Smart-Rocker-Light-Switch-with-Alexa-Google-and-HomeKit-2nd-Gen-White-D215S-1RW-R02-D215S-1RW/315782019","078477363232","Decora Smart 15 Amp Wi-Fi Smart Rocker Light Switch with Alexa, Google and HomeKit 2nd Gen, White D215S-1RW","Stephan","2025-12-06 16:49:06","With the Leviton Wi-Fi smart switches will it control two different lights and two different circuits","","","","","No","","10904866"
"homedepot","337091558","https://www.homedepot.com/p/Leviton-4-in-2-Hour-Fire-Rated-Round-Baffle-Slim-Downlight-1000-Lumens-5-CCT-Color-Selectable-2700K-5000K-Dimmable-FBR40-001-S1W/337091558","078477028032","4 in. 2 Hour Fire Rated Round Baffle Slim Downlight, 1000 Lumens, 5 CCT Color Selectable 2700K-5000K, Dimmable","FBR60001S1W","2025-08-20 20:51:41","Can this be used instead of a light with a can for protection having insulation over it?","","","","","No","","10681885"
"homedepot","323401967","https://www.homedepot.com/p/Leviton-Level-2-EV-Charger-Station-48-Amp-208-240-VAC-11-6-kW-Output-18-ft-Charging-Cable-Hardwired-White-EV480-EV480/323401967","078477997284","Level 2 EV Charger Station, 48 Amp, 208/240 VAC 11.6 kW Output, 18 ft. Charging Cable, Hardwired , White EV480","Mvargas","2025-12-02 22:40:03","Will this charger be able to use my excess solar production if I install a leviton smart panel?","","","","","No","","10897246"
"homedepot","301344348","https://www.homedepot.com/p/Leviton-60-Amp-120-208-Volt-Flush-Mounting-Non-Grounding-Outlet-Black-8360-8360/301344348","078477843291","60 Amp 120/208-Volt Flush Mounting Non-Grounding Outlet, Black 8360","DallasEddy","2025-10-09 03:41:04","What is the screw torque on this with 60 amp wire? General procedure is Torque hold torque for 5sec and in 1/2 hour repeat. but What is the torque and the procedure?","","","","","No","","10779399"
"homedepot","301304898","https://www.homedepot.com/p/Leviton-15-Amp-125-Volt-Straight-Blade-Grounding-Power-Inlet-Outlet-Gray-5278-CWP-001-05278-CWP/301304898","078477018712","15 Amp 125-Volt Straight Blade Grounding Power Inlet Outlet, Gray 5278-CWP","RHDendy","2025-10-09 13:13:31","I plan to use this device with a small generator to power two LED lights and one receptacle inside a shed. Will this setup require a ground rod?","","","","","No","","10779702"
"homedepot","100078412","https://www.homedepot.com/p/Leviton-Decora-15-Amp-3-Way-Switch-White-5603-2WS-R62-05603-2WS/100078412","078477104194","Decora 15 Amp 3-Way Switch, White 5603-2WS","Gary","2025-09-23 19:16:13","Replacing a Leviton DSL106 dimmer switch. Will this work as replacement? Tankless water heater replaced with a new one. When hot water in use the lights flicker. Dimmed 50% no flickering. Electrician said to remove dimmer.","","","","","No","","10750435"
"homedepot","331483594","https://www.homedepot.com/p/Leviton-Lever-Edge-15-Amp-125-Volt-Tamper-Resistant-Duplex-Outlet-Receptacle-Commercial-Grade-White-1-Pack-ETCR1-R02-ETCR1-00W/331483594","078477020500","Lever Edge 15 Amp 125 Volt Tamper-Resistant Duplex Outlet/Receptacle, Commercial Grade, White (1-Pack) ETCR1","Siite","2025-10-23 00:14:06","Do these come in a 10-pack like the non-tamper resistant Lever Edge receptacles?","","","","","No","","10806096"
"homedepot","205744061","https://www.homedepot.com/p/Leviton-Ceiling-Mount-Occupancy-Motion-Sensor-White-OSC10-M0W-OSC10-M0W/205744061","078477180570","Ceiling Mount Occupancy Motion Sensor, White OSC10-M0W","Sensor","2025-11-15 04:23:50","I have a sensor for class room light but only turns on when it wants I have a lot of sun light coming through the window what can be done","","","","","No","","10856662"
"homedepot","315781986","https://www.homedepot.com/p/Leviton-Decora-Smart-Wi-Fi-Dimmer-Switch-in-White-Works-With-Google-Alexa-HomeKit-and-Anywhere-Companions-R02-D26HD-1RW/315781986","078477363225","Decora Smart Wi-Fi Dimmer Switch in White - Works With Google, Alexa, HomeKit, and Anywhere Companions","Ben24","2025-09-16 17:26:57","Does it have something like a light that comes on when the switch is in off mode in order to see the switch in the dark?","","","","","No","","10736734"
"homedepot","309998644","https://www.homedepot.com/p/Leviton-Pop-Up-Floor-Box-with-Dual-Type-A-3-6-Amp-USB-Charger-15-Amp-Outlet-Brass-PFUS1-BR-PFUS1-BR/309998644","078477938799","Pop-Up Floor Box with Dual Type A, 3.6 Amp USB Charger, 15 Amp Outlet, Brass PFUS1-BR","Thomas","2025-08-22 14:28:44","Can the receptacle be swapped with an alternate color duplex 15-amp Decora GFCI?","","","","","No","","10687338"
"homedepot","320528167","https://www.homedepot.com/p/Leviton-Decora-Smart-Wi-Fi-Tamper-Resistant-15A-Duplex-Outlet-2nd-Gen-Works-with-Alexa-Google-HomeKit-and-Anywhere-Companions-R02-D215R-1RW/320528167","078477471487","Decora Smart Wi-Fi Tamper Resistant 15A Duplex Outlet (2nd Gen) Works with Alexa/Google/HomeKit and Anywhere Companions","george","2025-11-18 17:01:41","can it be paired with a levington any ware switch","","","","","No","","10864619"
"homedepot","324646573","https://www.homedepot.com/p/Leviton-Decora-In-Wall-Humidity-Sensor-for-Bathroom-Exhaust-Fan-Control-Switch-1-4-HP-Residential-Grade-Single-Pole-White-R02-DHS05-1LM/324646573","078477472576","Decora In-Wall Humidity Sensor for Bathroom Exhaust Fan Control Switch, 1/4 HP, Residential Grade, Single Pole, White","Corey","2025-09-18 20:09:12","Is this spec'd to work with a range fan in a kitchen?","","","","","No","","10741052"
"homedepot","322306961","https://www.homedepot.com/p/Leviton-Decora-Occupancy-Motion-Sensor-Light-Switch-Auto-On-15A-Residential-Grade-Single-Pole-Multi-Way-or-Multi-Sensor-DOS15-1LZ/322306961","078477471272","Decora Occupancy Motion Sensor Light Switch, Auto-On, 15A, Residential Grade, Single Pole, Multi-Way or Multi-Sensor","Need2Know","2025-11-16 21:38:05","Can I use 2 of these with a traditional 4 way switch?","","","","","No","","10860426"
"homedepot","326493813","https://www.homedepot.com/p/Leviton-Decora-15-Amp-30-Minute-Indoor-In-Wall-Timer-Switch-1-2-HP-9-8Amp-Fan-Motor-No-Neutral-Required-Single-Pole-White-002-DT130-1LW/326493813","078477264270","Decora 15 Amp 30-Minute Indoor In-Wall Timer Switch, 1/2 HP/9.8Amp Fan/Motor, No Neutral Required, Single-Pole, White","RJDUB","2025-10-22 17:45:20","Will this fit a regular large 4 gang box and cover?","","","","","No","","10805248"
"homedepot","301361543","https://www.homedepot.com/p/Leviton-20-Amp-Self-Test-SmartLockPro-Hospital-Grade-Duplex-GFCI-Outlet-with-LED-White-GFNT2-HGW-072-GFNT2-HGW/301361543","078477725061","20 Amp Self-Test SmartLockPro Hospital Grade Duplex GFCI Outlet with LED, White GFNT2-HGW","MB101","2025-10-16 01:52:28","Is this a HF rated GFCI that de-rates the leakage current amplitude based on the Frequency Factor?","","","","","No","","10792143"
"homedepot","315781986","https://www.homedepot.com/p/Leviton-Decora-Smart-Wi-Fi-Dimmer-Switch-in-White-Works-With-Google-Alexa-HomeKit-and-Anywhere-Companions-R02-D26HD-1RW/315781986","078477363225","Decora Smart Wi-Fi Dimmer Switch in White - Works With Google, Alexa, HomeKit, and Anywhere Companions","RACC","2025-08-28 17:23:00","Which companion switch would work with this dimmer? It’s for a 4-way setup.","","","","","No","","10700286"
"homedepot","301754045","https://www.homedepot.com/p/Leviton-2-1-2-in-Ivory-Ceiling-Fan-Pull-Chain-Switch-3-Amp-Single-Pole-2-Circuit-4-Position-Low-Medium-High-Off-1689-50/301754045","078477117903","2-1/2 in. Ivory Ceiling Fan Pull Chain Switch, 3-Amp Single-Pole, 2-Circuit 4-Position (Low-Medium-High-Off)","KenM","2025-08-30 22:39:17","Can I use this switch for my ceiling fan light as a pull chain dimmer?","","","","","No","","10704821"
"homedepot","315782019","https://www.homedepot.com/p/Leviton-Decora-Smart-15-Amp-Wi-Fi-Smart-Rocker-Light-Switch-with-Alexa-Google-and-HomeKit-2nd-Gen-White-D215S-1RW-R02-D215S-1RW/315782019","078477363232","Decora Smart 15 Amp Wi-Fi Smart Rocker Light Switch with Alexa, Google and HomeKit 2nd Gen, White D215S-1RW","snoman","2025-08-13 18:44:32","can i use this switch to control standard receptacle?","","","","","No","","10667553"
"homedepot","324858988","https://www.homedepot.com/p/Leviton-200-Amp-8-Space-8-Circuit-Outdoor-Meter-Main-Combo-Load-Center-Ringless-with-Lever-Bypass-LS820-BLD-LS820-BLD/324858988","078477217474","200 Amp 8-Space, 8-Circuit Outdoor Meter Main Combo Load Center, Ringless with Lever Bypass LS820-BLD","Luis","2025-09-15 21:36:51","Is this equipment approved to be use by PG&E in north California?","","","","","No","","10735256"
"homedepot","100357036","https://www.homedepot.com/p/Leviton-660-Watt-Lamp-Holder-to-Outlet-Adapter-White-125-W-R54-00125-00W/100357036","078477113523","660-Watt Lamp Holder to Outlet Adapter, White 125-W","Wess","2025-11-18 15:50:34","Can this be used with an older(Sperry CS550A) circuit breaker finder?","","","","","No","","10864407"
"homedepot","100026991","https://www.homedepot.com/p/Leviton-15-Amp-Single-Pole-Toggle-Light-Switch-White-1451-2W-R52-01451-02W/100026991","078477778203","15 Amp Single-Pole Toggle Light Switch, White 1451-2W","John","2025-10-31 06:10:26","Why does both of my light switches come with pigtail","","","","","No","","10823315"
"homedepot","100356887","https://www.homedepot.com/p/Leviton-Decora-15-Amp-Single-Pole-Dual-Switch-White-5634-WS-R62-05634-0WS/100356887","078477774069","Decora 15 Amp Single Pole Dual Switch, White 5634-WS","HDShop","2025-11-19 23:17:50","Can this be used with a single light switch that controls the light from the other end of the room? So, this dual swtich on one side of the room and a single switch at the opposite side? If not, which Leviton Decora dual switch do I need?","","","","","No","","10867953"
"homedepot","100177193","https://www.homedepot.com/p/Leviton-1-Gang-White-Toggle-Plastic-Jumbo-Oversized-Wall-Plate-1-Pack-88101-W-R52-88101-00W/100177193","078477440728","1-Gang White Toggle Plastic Jumbo/Oversized Wall Plate (1-Pack) 88101-W","Dann","2025-09-22 15:19:10","1 gang light switch is showing in picture dimensions 4.88x3.13 but in specifications showing 5.25x3.5, which is it?","","","","","No","","10747807"
"homedepot","301753955","https://www.homedepot.com/p/Leviton-15-Amp-Commercial-Grade-Combination-Two-Single-Pole-Grounding-Rocker-Switches-White-1754-2W-1754-2W/301753955","078477040775","15 Amp Commercial Grade Combination Two Single Pole Grounding Rocker Switches, White 1754-2W","tedd","2025-09-28 20:13:34","what is the difference between a leviton 1754-w switch and a 1754-2w switch","","","","","No","","10760040"
"homedepot","319915886","https://www.homedepot.com/p/Decora-15-Amp-In-Wall-Multi-Location-Motion-Sensor-Vacancy-Manual-On-Single-Pole-3-Way-White-Ivory-Lt-Almond-R12-DVS15-1LM/319915886","078477472309","Decora 15 Amp In-Wall Multi-Location Motion Sensor Vacancy, Manual-On, Single Pole, 3-Way, White/Ivory/Lt Almond","Donald","2025-12-08 18:57:41","can you adjust these timer to stay on longer","","","","","No","","10908962"
"homedepot","320954125","https://www.homedepot.com/p/Leviton-Decora-Smart-Wi-Fi-2nd-Gen-Scene-Controller-Switch-D2SCS-1RW-R02-D2SCS-1RW/320954125","078477472668","Decora Smart Wi-Fi 2nd Gen Scene Controller Switch D2SCS-1RW","JD21144","2025-10-03 16:45:50","Will this work without an internet connection? I just want to make sure I can still control scene's during an internet outage.","","","","","No","","10769180"
"homedepot","301667505","https://www.homedepot.com/p/Leviton-Miniature-Bi-Pin-Base-Ceramic-Body-G4-G6-35-GY6-35-GX5-3-MR16-GZ4-MR11-Halogen-Incandescent-Lampholder-White-80054/301667505","078477833520","Miniature Bi-Pin Base Ceramic Body G4, G6.35, GY6.35, GX5.3 MR16 GZ4 MR11 Halogen Incandescent Lampholder, White","pklund","2025-11-17 17:45:09","Can these sockets be mounted to a flat peice of wood (inside sconce) with screws or glue. One socket to point upwards and the other to point downward. See photo attached?","","","","","No","","10862163"
"homedepot","202066691","https://www.homedepot.com/p/Leviton-15-Amp-125-V-1-Gang-Recessed-Duplex-Outlet-Receptacle-White-1-Pack-689-W-R52-00689-00W/202066691","078477312841","15 Amp 125 V 1-Gang Recessed Duplex Outlet/Receptacle, White (1-Pack) 689-W","Bobzee","2025-12-06 16:52:57","What size box will I need? Will this require a deeper box since it’s recessed?","","","","","No","","10904878"
"homedepot","317168142","https://www.homedepot.com/p/Leviton-Decora-In-Wall-Motion-Sensor-Light-Switch-Motion-Activated-Auto-On-Auto-Off-5-Amp-Single-Pole-or-3-Way-White-DOS05-1LZ/317168142","078477572603","Decora In-Wall Motion Sensor Light Switch, Motion Activated, Auto-On/Auto-Off, 5-Amp, Single Pole or 3-Way, White","Chris","2025-09-18 17:44:10","can i connect two of these switches to control both sides of room with motion? need both doors covered in the garage with motion.","","","","","No","","10740701"
"homedepot","302119837","https://www.homedepot.com/p/Leviton-Series-1000-Single-Phase-Indoor-Meter-Kit-120-240-Volt-100-Amp-1P-3-Wire-with-2-Solid-Core-CTs-Gray-1K240-1SW-1K240-1SW/302119837","078477597453","Series 1000 Single Phase Indoor Meter Kit, 120/240-Volt 100 Amp 1P 3-Wire with 2 Solid Core CTs, Gray 1K240-1SW","Lopez","2025-09-29 20:29:10","Cau use it for electricity sub meter just for basement?","","","","","No","","10761992"
"homedepot","322925920","https://www.homedepot.com/p/Leviton-Decora-In-Wall-Combination-Humidity-Sensor-Fan-Control-w-Light-Switch-1-4-HP-Residential-Grade-Single-Pole-White-002-DHD05-1LW/322925920","078477472583","Decora In-Wall Combination Humidity Sensor & Fan Control w/Light Switch, 1/4 HP, Residential Grade, Single Pole, White","Nick","2025-10-30 12:19:14","What is inrush current rating?","","","","","No","","10821280"
"homedepot","324858994","https://www.homedepot.com/p/Leviton-200-Amp-20-Space-20-Circuit-Outdoor-Load-Center-with-Main-Circuit-Breaker-LR220-BDD-LR220-BDD/324858994","078477996454","200 Amp 20-Space, 20-Circuit Outdoor Load Center with Main Circuit Breaker LR220-BDD","AJ512","2025-08-21 13:54:05","IS THIS PANEL (LR220-BDD) COMPATIBLE WITH THE LL630 PASS-THROUGH LUG KIT?","","","","","No","","10683060"
"homedepot","301446384","https://www.homedepot.com/p/Leviton-15-Amp-Commercial-Grade-Combination-3-Way-Toggle-Switch-Pilot-Light-Ivory-5246-I-5246-I/301446384","078477039830","15 Amp Commercial Grade Combination 3-Way Toggle Switch/Pilot Light, Ivory 5246-I","Paul","2025-09-30 20:33:44","Should the pilot light always be on...brightly when power to the load (aka lights) is energized and dimly when the power to the load is off? If not, why would the pilot light be dimly on when the load (aka lights) are off?","","","","","No","","10763995"
"homedepot","326493866","https://www.homedepot.com/p/Leviton-Decora-15-Amp-12-Hour-Indoor-In-Wall-Timer-Switch-1-2-HP-9-8-Amp-Fan-Motor-No-Neutral-Required-Single-Pole-White-002-DT112-1LW/326493866","078477264317","Decora 15 Amp 12-Hour Indoor In-Wall Timer Switch, 1/2 HP/9.8 Amp Fan/Motor, No Neutral Required, Single Pole, White","Kirk","2025-11-30 22:00:20","Example: I set to 12hr timer. Will this turn off after 12 hours, then back on automatically after 12 more hours?","","","","","No","","10892233"
"homedepot","301753953","https://www.homedepot.com/p/Leviton-15-Amp-Commercial-Grade-Combination-Three-Single-Pole-Grounding-Rocker-Switches-White-1755-2W-1755-2W/301753953","078477040799","15-Amp Commercial Grade Combination Three Single Pole Grounding Rocker Switches, White 1755-2W","Rick","2025-10-29 19:57:45","What is the difference between standard and commercial grade and three-way rocker switches?","","","","","No","","10820150"
"homedepot","301447130","https://www.homedepot.com/p/Leviton-20-Amp-Industrial-Grade-Heavy-Duty-Single-Pole-Double-Throw-Center-Off-Maintained-Contact-Toggle-Switch-White-1285-W-1285-W/301447130","078477880616","20 Amp Industrial Grade Heavy Duty Single-Pole Double-Throw Center-Off Maintained Contact Toggle Switch, White 1285-W","Chuck","2025-10-06 01:17:45","Do you off ""emergency locator"" switch. They are similar to the switch above, only that the up position is flashing mode, center if off position, and down is light constantly on.","","","","","No","","10773552"
"homedepot","312201642","https://www.homedepot.com/p/Leviton-15-Amp-125-Volt-AC-3-Wire-Grounded-Switch-Tap-Plug-with-On-Off-Button-White-1470-WH-R56-01470-0WH/312201642","078477611081","15 Amp 125-Volt AC 3-Wire Grounded Switch Tap Plug with On/Off Button, White 1470-WH","Gregory","2025-10-22 01:41:18","Can this be used to turn on/off a small fan?","","","","","No","","10804052"
"homedepot","331965998","https://www.homedepot.com/p/Leviton-300-Amp-12-Space-12-Circuit-Outdoor-Meter-Main-Combo-Load-Center-Ringless-w-Lever-Bypass-Removable-5th-Jaw-Installed-250-LS130-S5D/331965998","078477333716","300 Amp 12-Space, 12-Circuit Outdoor Meter Main Combo Load Center, Ringless w/Lever Bypass, Removable 5th Jaw Installed","Oscar","2025-09-17 17:54:15","is a 3 phase 120-240v ?","","","","","No","","10738830"
"homedepot","301747919","https://www.homedepot.com/p/Leviton-1-5-Amp-Decora-Single-Pole-Rotary-Step-Fan-Speed-Control-White-with-Ivory-and-Light-Almond-Color-Faces-Included-RTF01-10Z/301747919","078477318416","1.5 Amp Decora Single Pole Rotary Step Fan Speed Control, White with Ivory and Light Almond Color Faces Included","Roger","2025-09-25 15:40:26","Can this control/potentiometer be used with an inline bathroom exhaust fan that is driven by a permanent split-capacitor motor?","","","","","No","","10753913"
"homedepot","207106566","https://www.homedepot.com/p/Leviton-600-Watt-250-Volt-White-Outlet-Box-Lampholder-49875-R50-49875-000/207106566","078477323007","600-Watt 250-Volt White Outlet Box Lampholder 49875","MrCurios","2025-10-31 17:06:43","Does this lampholder count as a ""Device"" for the purpose of volume fill calculations or is it no different than a box cover and therefore does not count?","","","","","No","","10823974"
"homedepot","324646573","https://www.homedepot.com/p/Leviton-Decora-In-Wall-Humidity-Sensor-for-Bathroom-Exhaust-Fan-Control-Switch-1-4-HP-Residential-Grade-Single-Pole-White-R02-DHS05-1LM/324646573","078477472576","Decora In-Wall Humidity Sensor for Bathroom Exhaust Fan Control Switch, 1/4 HP, Residential Grade, Single Pole, White","3GNiemi","2025-08-13 18:25:29","I have a fan with a light and a heater. Can I wire this switch in parallel to the vent segment of the oem switch to control the fan manually or by the humidistat?","","","","","No","","10667514"
"homedepot","301446329","https://www.homedepot.com/p/Leviton-15-Amp-Decora-Commercial-Grade-Combination-Two-3-Way-Rocker-Switches-Ivory-5643-I-5643-I/301446329","078477516843","15 Amp Decora Commercial Grade Combination Two 3-Way Rocker Switches, Ivory 5643-I","Anthony","2025-09-28 14:25:02","Can I use this switch on my 12 gauge wire in wire","","","","","No","","10759322"
"homedepot","203901651","https://www.homedepot.com/p/Leviton-IllumaTech-Dimmer-Switch-for-Dimmable-LED-Halogen-and-Incandescent-Bulbs-White-IPL06-10M-R60-IPL06-10M/203901651","078477561874","IllumaTech Dimmer Switch for Dimmable LED, Halogen and Incandescent Bulbs - White IPL06-10M","Tyler","2025-10-08 03:38:35","I installed this switch with a Home Depot purchased LED light model 1007 131 801 and it flickered very viciously. Is it compatible?","","","","","No","","10777522"
"homedepot","329810820","https://www.homedepot.com/p/Leviton-Type-2-Surge-Protective-Panel-120-240-Volt-AC-Split-Phase-400kA-Per-Phase-Features-LCD-Screen-with-Surge-Counter-020-X2120-00C/329810820","078477000281","Type 2 Surge Protective Panel, 120/240-Volt AC, Split Phase, 400kA Per Phase, Features LCD Screen with Surge Counter","Robert","2025-10-08 15:24:16","Does this reduce THD from a generator google says it does?","","","","","No","","10778067"
"homedepot","316126703","https://www.homedepot.com/p/Leviton-Decora-In-Wall-Motion-Sensor-Light-Switch-Motion-Activated-Auto-On-Auto-Off-2-Amp-Single-Pole-White-DOS02-1LW-R02-DOS02-1LW/316126703","078477572559","Decora In-Wall Motion Sensor Light Switch, Motion Activated, Auto-On/Auto-Off, 2-Amp, Single Pole, White DOS02-1LW","Nantay","2025-10-19 17:15:07","How long does light stay on","","","","","No","","10798698"
"homedepot","301701147","https://www.homedepot.com/p/Leviton-3-Gang-White-2-Toggle-1-Decora-Rocker-Nylon-Standard-Wall-Plate-1-Pack-80745-W-002-80745-00W/301701147","078477980125","3-Gang White 2-Toggle / 1-Decora/Rocker Nylon Standard Wall Plate (1-Pack) 80745-W","John","2025-08-30 19:52:10","Is there a recommended approach to cutting these down to fit a smaller space?","","","","","No","","10704474"
"homedepot","301361483","https://www.homedepot.com/p/Leviton-Decora-Plus-15-Amp-125-V-Surge-Protective-Isolated-Ground-Duplex-Outlet-Receptacle-White-1-Pack-5280-IGW-5280-IGW/301361483","078477008898","Decora Plus 15 Amp 125 V Surge Protective Isolated Ground Duplex Outlet/Receptacle, White (1-Pack) 5280-IGW","mimic","2025-10-01 14:34:38","How long does it take to reset itself/","","","","","No","","10765101"
"homedepot","203245679","https://www.homedepot.com/p/Leviton-Decora-20-Amp-125-V-Tamper-Resistant-Duplex-Outlet-Receptacle-White-1-Pack-T5825-W-R52-T5825-00W/203245679","078477450352","Decora 20 Amp 125 V Tamper Resistant Duplex Outlet/Receptacle, White (1-Pack) T5825-W","Jayden","2025-11-27 21:51:09","Is this a commercial grade outlet or a regular residential outlet","","","","","No","","10885092"
"homedepot","336837064","https://www.homedepot.com/p/Leviton-50-Amp-Outdoor-EV-Charging-Outlet-with-Metal-Weather-Resistant-Cover-Surface-Mount-R01-EVCVM-050/336837064","078477034897","50-Amp Outdoor EV Charging Outlet with Metal Weather-Resistant Cover, Surface Mount","Moto","2025-11-20 22:43:34","What is the temperature rating of this plug in? 60 deg C or 75 deg C?","","","","","No","","10870262"
"homedepot","301446395","https://www.homedepot.com/p/Leviton-15-Amp-Decora-Commercial-Grade-Combination-Single-Pole-Rocker-Switch-20-Amp-Outlet-White-5636-W-5636-W/301446395","078477884683","15 Amp Decora Commercial Grade Combination Single Pole Rocker Switch/20 Amp Outlet, White 5636-W","Acts1728","2025-09-28 21:44:38","I believe the description here may be wrong. Both the switch and the receptacle are rated 20-A for 5636. If you have the 5636-W in your hand, can you confirm what is stated on the box and any documentation inside the box?","","","","","No","","10760198"
"homedepot","301361449","https://www.homedepot.com/p/Leviton-Decora-Plus-20-Amp-125-V-Surge-Protective-Duplex-Outlet-Receptacle-Gray-1-Pack-5380-GY-5380-GY/301361449","078477009222","Decora Plus 20 Amp 125 V Surge Protective Duplex Outlet/Receptacle, Gray (1-Pack) 5380-GY","Brian","2025-11-01 22:31:19","Is the fuse replaceable?","","","","","No","","10826500"
"homedepot","206095031","https://www.homedepot.com/p/Leviton-Decora-24-Hour-Programmable-Timer-Switch-for-Lights-Motor-Loads-Neutral-Required-Single-Pole-or-3-Way-White-VPT24-1PZ-021-VPT24-1PZ/206095031","078477477557","Decora 24 Hour Programmable Timer Switch for Lights/Motor Loads, Neutral Required, Single Pole or 3-Way, White VPT24-1PZ","Daniel","2025-12-01 21:01:54","Does it need a special device on the other end of the 3 way circuit to replace the other 3 way switch?","","","","","No","","10894594"
"homedepot","324858959","https://www.homedepot.com/p/Leviton-100-Amp-20-Space-20-Circuit-Indoor-Load-Center-with-Main-Circuit-Breaker-LP210-BPD-LP210-BPD/324858959","078477996157","100 Amp 20-Space, 20-Circuit Indoor Load Center with Main Circuit Breaker LP210-BPD","Dave","2025-10-19 17:43:42","Is this the same as the LP210-BDR, only without the front door and a higher cost?","","","","","No","","10798768"
"homedepot","319237488","https://www.homedepot.com/p/Leviton-120-Volt-Decora-Digital-Coordinating-Switch-Remote-White-DD0SR-1RM-R21-DD0SR-1RM/319237488","078477573501","120-Volt Decora Digital Coordinating Switch Remote, White DD0SR-1RM","Dave","2025-11-22 17:37:31","When paring the coordinating switch to the other, does it need to be reprogrammed if power goes out?","","","","","No","","10873911"
"homedepot","301361676","https://www.homedepot.com/p/Leviton-15-Amp-125-250-V-NEMA-6-15R-Duplex-Outlet-Receptacle-White-1-Pack-5031-W-5031-W/301361676","078477977323","15 Amp 125/250 V NEMA 6-15R Duplex Outlet/Receptacle, White (1-Pack) 5031-W","Alex","2025-08-19 14:21:45","I’m in need of this outlet for my ac unit. I was just wondering if it’s a 3 prong outlet?","","","","","No","","10678895"
"homedepot","100026991","https://www.homedepot.com/p/Leviton-15-Amp-Single-Pole-Toggle-Light-Switch-White-1451-2W-R52-01451-02W/100026991","078477778203","15 Amp Single-Pole Toggle Light Switch, White 1451-2W","Alex","2025-09-27 20:37:55","I have 2 single 15a 120v toggle switches in a double hole with double cover.1 is Leviton for light switch an 1 is for trash compactor which is 15a 120v . I run them at same time but 1 for light switch blew out and smell burn.Can I run both after fixing?","","","","","No","","10758405"
"homedepot","315782019","https://www.homedepot.com/p/Leviton-Decora-Smart-15-Amp-Wi-Fi-Smart-Rocker-Light-Switch-with-Alexa-Google-and-HomeKit-2nd-Gen-White-D215S-1RW-R02-D215S-1RW/315782019","078477363232","Decora Smart 15 Amp Wi-Fi Smart Rocker Light Switch with Alexa, Google and HomeKit 2nd Gen, White D215S-1RW","JeffW","2025-11-09 16:56:26","Will this connect with Ring app?","","","","","No","","10842975"
"homedepot","308527070","https://www.homedepot.com/p/Leviton-NEMA-1-42-Space-Indoor-Load-Center-Cover-and-Door-with-Observation-Window-Flush-Surface-Mount-LDC42-W-LDC42-W/308527070","078477821893","NEMA 1 42-Space Indoor Load Center Cover and Door with Observation Window Flush/Surface Mount LDC42-W","Jerry","2025-08-14 17:20:59","Will this fit a GE 42 save load center box?","","","","","No","","10669430"
"homedepot","302119837","https://www.homedepot.com/p/Leviton-Series-1000-Single-Phase-Indoor-Meter-Kit-120-240-Volt-100-Amp-1P-3-Wire-with-2-Solid-Core-CTs-Gray-1K240-1SW-1K240-1SW/302119837","078477597453","Series 1000 Single Phase Indoor Meter Kit, 120/240-Volt 100 Amp 1P 3-Wire with 2 Solid Core CTs, Gray 1K240-1SW","Temperature","2025-12-02 19:47:26","Thinking about putting in a garage. Does this have temperature limitations?","","","","","No","","10896992"
"homedepot","301361341","https://www.homedepot.com/p/Leviton-20-Amp-125-250-V-NEMA-5-20R-6-20R-Duplex-Outlet-Receptacle-Ivory-1-Pack-5842-I-5842-I/301361341","078477251102","20 Amp 125/250 V NEMA 5-20R/6-20R Duplex Outlet/Receptacle, Ivory (1-Pack) 5842-I","Martin","2025-10-04 18:45:08","Someone wired a 3 prong plug for the 120 side to go to a GFI then to an outdoor light. Should this work to protect the light?","","","","","No","","10771154"
"homedepot","330333492","https://www.homedepot.com/p/Leviton-Level-2-EV-Charger-Station-40-Amp-208-240-VAC-9-6-kW-Output-25-ft-Charging-Cable-NEMA-14-50P-Plug-EV40P-000-EV40P-000/330333492","078477015582","Level 2 EV Charger Station 40 Amp, 208/240 VAC, 9.6 kW Output 25 ft. Charging Cable NEMA 14-50P Plug EV40P","mark","2025-09-29 14:41:48","Can this unit be mounted outside.","","","","","No","","10761172"
"homedepot","100357043","https://www.homedepot.com/p/Leviton-15-Amp-125-V-CO-ALR-Duplex-Outlet-Receptacle-White-1-Pack-12650-W-12650-W/100357043","078477851357","15 Amp 125 V CO/ALR Duplex Outlet/Receptacle, White (1-Pack) 12650-W","John","2025-10-02 00:37:16","Can they be used with copper wire","","","","","No","","10766315"
"homedepot","205165472","https://www.homedepot.com/p/Leviton-15-Amp-125-Volt-Double-Pole-3-Wire-Grounding-Plug-Black-3W101-E-R50-3W101-00E/205165472","078477560549","15 Amp 125-Volt Double Pole 3-Wire Grounding Plug, Black 3W101-E","rondvc40","2025-10-04 18:55:58","Could this be used on the end of a 18v battery charger cord","","","","","No","","10771170"
"homedepot","327588039","https://www.homedepot.com/p/15-Amp-125-V-Tamper-Resistant-Duplex-Outlet-Receptacle-Light-Almond-1-Pack-T5637-T-008-T5637-00T/327588039","078477000922","15 Amp 125 V Tamper Resistant Duplex Outlet/Receptacle, Light Almond (1-Pack) T5637-T","ExS17","2025-09-16 15:16:43","Is this a split outlet with constant current to one outlet and the other can be switched with a wall switch?","","","","","No","","10736439"
"homedepot","202059842","https://www.homedepot.com/p/Leviton-2-Gang-Light-Almond-1-Toggle-1-Duplex-Outlet-Receptacle-Nylon-Midway-Midsize-Wall-Plate-1-Pack-PJ18-T-R56-0PJ18-00T/202059842","078477278482","2-Gang Light Almond 1-Toggle / 1-Duplex Outlet/Receptacle Nylon Midway/Midsize Wall Plate (1-Pack) PJ18-T","Dorothy","2025-08-22 11:44:22","What sizes do this plate come in","","","","","No","","10687123"
"homedepot","301378726","https://www.homedepot.com/p/Leviton-Toggle-Slide-Dimmer-Switch-for-Dimmable-LED-Halogen-and-Incandescent-Bulbs-White-TSL06-1KW-R12-TSL06-1KW/301378726","078477840047","Toggle Slide Dimmer Switch for Dimmable LED, Halogen and Incandescent Bulbs - White TSL06-1KW","Dcal","2025-08-16 20:22:53","How many 9 watt led bulbs can i put on this dimmer","","","","","No","","10673671"
"homedepot","322083350","https://www.homedepot.com/p/Leviton-Decora-Lever-Edge-15-Amp-120-277-Volt-3-Way-Switch-White-1-Pack-E5603-SW-R02-E5603-0SW/322083350","078477332504","Decora Lever Edge 15 Amp 120/277 Volt 3-Way Switch, White (1-Pack) E5603-SW","BobP","2025-10-29 18:56:48","When the light is off, does the switck ;ight up?","","","","","No","","10819979"
"homedepot","331591464","https://www.homedepot.com/p/Leviton-Decora-Lever-Edge-Rocker-Slide-Dimmer-Switch-for-LED-INC-Bulbs-150-Watt-Single-Pole-or-3-Way-White-1-Pack-ESL01-1KW-R02-ESL01-1LW/331591464","078477021989","Decora Lever Edge Rocker Slide Dimmer Switch for LED/INC Bulbs, 150 Watt, Single Pole or 3-Way, White (1-Pack) ESL01-1KW","TexasDad","2025-10-23 09:59:03","My Led light on the bottom doesn't work when light is turned off. I'm using it as a 3 way switch. Is that why?","","","","","No","","10806621"
"homedepot","318748202","https://www.homedepot.com/p/Leviton-15-Amp-120-Volt-AC-Self-Test-Right-Angle-Plug-In-GFCI-Automatic-Reset-GSRA1-THD-R51-GSRA1-THD/318748202","078477682753","15 Amp 120-Volt AC Self-Test Right Angle Plug-In GFCI Automatic Reset GSRA1-THD","Dferguson","2025-08-29 21:08:35","Can it be used as a plug replacement for a small ac?","","","","","No","","10702735"
"homedepot","202077623","https://www.homedepot.com/p/Leviton-15-Amp-125-V-Combination-Switch-and-Single-Outlet-Receptacle-White-1-Pack-5225-WS-5225-WS/202077623","078477102077","15 Amp 125 V Combination Switch and Single Outlet/Receptacle, White (1-Pack) 5225-WS","theglennfox","2025-11-18 20:09:46","Does the switch on this combo control power to the outlet?","","","","","No","","10865162"
"homedepot","300292744","https://www.homedepot.com/p/Leviton-Decora-15-Amp-120-Volt-277-Volt-1-Pole-Commercial-Grade-AC-Combination-Rocker-Switch-White-5634-W-5634-W/300292744","078477516386","Decora 15 Amp 120-Volt/277-Volt 1-Pole Commercial Grade AC Combination Rocker Switch, White 5634-W","SRHall","2025-09-30 02:21:59","I have a home that was built in 1971. Is this compatable with aluminum wiring also or is it only rated for copper.","","","","","No","","10762607"
"homedepot","301753956","https://www.homedepot.com/p/Leviton-15-Amp-Commercial-Grade-Combination-Three-Single-Pole-Rocker-Switches-Ivory-1755-I-1755-I/301753956","078477813102","15 Amp Commercial Grade Combination Three Single Pole Rocker Switches, Ivory 1755-I","william","2025-08-15 19:13:57","how to replace on of the rockers on a 3 rocker switch","","","","","No","","10671640"
"homedepot","315854532","https://www.homedepot.com/p/Leviton-Decora-Smart-Wi-Fi-Single-Outlet-Plug-In-Switch-15-Amp-120-Volt-White-R02-D215P-1RW/315854532","078477363249","Decora Smart Wi-Fi Single Outlet Plug-In Switch,15 Amp 120-Volt, White","Ronnie","2025-09-28 16:22:16","Can you connect an extension cord to this to supply power to garage hex led lighting?","","","","","No","","10759529"
"homedepot","100357001","https://www.homedepot.com/p/Leviton-3-Way-Socket-Lamp-Holder-7090-PG-R50-07090-0PG/100357001","078477258507","3-Way Socket Lamp Holder 7090-PG","Light bulb socket size","2025-12-07 22:26:13","I would like to use this socket to replace one on a floor lamp. The lamp comes with a decorative key that screws onto a pin sticking out of the socket. When I remove the black knob, does it have a pin like that? See pic...","","","","","No","","10907430"
"homedepot","331467996","https://www.homedepot.com/p/Leviton-Lever-Edge-20-Amp-125-Volt-Duplex-Outlet-Receptacle-Commercial-Grade-White-10-Pack-ECBR2-WMP-M02-ECBR2-WMP/331467996","078477020432","Lever Edge 20 Amp 125 Volt Duplex Outlet/Receptacle, Commercial Grade, White (10-Pack) ECBR2-WMP","LauraLee","2025-10-01 00:44:27","Are ECBR2 Tamper Resistant?","","","","","No","","10764559"
"homedepot","301667481","https://www.homedepot.com/p/Leviton-660W-Medium-G13-Base-Bi-Pin-Low-Profile-Slide-On-Turn-Type-Linear-Fluorescent-Lampholder-White-13351-13351/301667481","078477084373","660W Medium G13 Base Bi-Pin Low Profile Slide-On Turn-Type Linear Fluorescent Lampholder, White 13351","DJcb","2025-11-17 12:26:04","How many in the package?","","","","","No","","10861494"
"homedepot","300862062","https://www.homedepot.com/p/Leviton-30-Amp-Nylon-Locking-Single-Outlet-Black-R50-02710-0CS/300862062","078477845776","30 Amp Nylon Locking Single Outlet, Black","faceplate","2025-08-15 19:59:10","what size 'face plate' is required? None of the face plates at the store fit - they were either too small or too big.","","","","","No","","10671743"
"homedepot","319970687","https://www.homedepot.com/p/Leviton-Decora-Slide-Dimmer-Switch-Antimicrobial-Treated-for-Dimmable-LED-Halogen-and-Incandescent-Bulbs-White-DSL06-2AW-RA2-DSL06-2AW/319970687","078477171639","Decora Slide Dimmer Switch Antimicrobial Treated for Dimmable LED, Halogen and Incandescent Bulbs - White DSL06-2AW","HDMc3","2025-11-03 19:53:08","Other than the antimicrobial treatment is this the same as DSL06-1TW? I'm using it with LED undercabinet lights that call for the DSL06-1TW switch.","","","","","No","","10830323"
"homedepot","205744061","https://www.homedepot.com/p/Leviton-Ceiling-Mount-Occupancy-Motion-Sensor-White-OSC10-M0W-OSC10-M0W/205744061","078477180570","Ceiling Mount Occupancy Motion Sensor, White OSC10-M0W","Cesar","2025-07-30 15:37:32","Need to see wiring diagram pls","","","","","No","","10637152"
"homedepot","205996739","https://www.homedepot.com/p/Leviton-20-Amp-Self-Test-SmartlockPro-Slim-Duplex-GFCI-Outlet-White-R12-GFNT2-0RW/205996739","078477714690","20 Amp Self-Test SmartlockPro Slim Duplex GFCI Outlet, White","Jose","2025-11-01 21:07:51","What’s the difference between 15A and 20A","","","","","No","","10826304"
"homedepot","332000351","https://www.homedepot.com/p/Leviton-400-Amp-12-Space-12-Circuit-Outdoor-Meter-Main-Combo-Load-Center-Ringless-w-Lever-Bypass-Removable-5th-Jaw-Installed-250-LS140-S5D/332000351","078477333709","400 Amp 12-Space, 12-Circuit Outdoor Meter Main Combo Load Center, Ringless w/Lever Bypass, Removable 5th Jaw Installed","John","2025-09-26 00:14:52","my power company will only allow ringed meters. Is that an option for your 120/240V 400 amp meter main.","","","","","No","","10754990"
"homedepot","100200635","https://www.homedepot.com/p/Leviton-2-Outlet-White-Socket-with-Pull-Chain-1406-W-R52-01406-00W/100200635","078477077405","2-Outlet White Socket with Pull Chain 1406-W","Gary","2025-08-13 20:09:38","Can this be used to plug in a gable vent fan in the attic...1972 house and it has aluminum wiring but in good shape","","","","","No","","10667729"
"homedepot","330296390","https://www.homedepot.com/p/Leviton-66-Space-Indoor-Load-Center-Cover-and-Door-Flush-Surface-Mount-LDC66-050-LDC66-000/330296390","078477322178","66-Space Indoor Load Center Cover and Door Flush/Surface Mount LDC66","Trex","2025-09-12 20:52:11","Does the door comes with Circuit Identification Stickers?","","","","","No","","10729889"
"homedepot","301750646","https://www.homedepot.com/p/Leviton-6P4C-Type-630A-Wall-Phone-Jack-Light-Almond-40214-T-40214-T/301750646","078477341070","6P4C Type 630A Wall Phone Jack, Light Almond 40214-T","Leviton6P4C","2025-11-28 18:24:00","do I connect the wall wire to the back of this plate where the wires are or to the front of the plate with the screws that connect thru to the wired side of the plate? Zero instructions came with the plate from home depot","","","","","No","","10886793"
"homedepot","313936201","https://www.homedepot.com/p/Leviton-1-Gang-White-Decora-Rocker-Nylon-Midway-Midsize-Wall-Plate-4-Pack-PJ26-H4W-V04-0PJ26-H4W/313936201","078477405307","1-Gang White Decora/Rocker Nylon Midway/Midsize Wall Plate (4-Pack) PJ26-H4W","Leana","2025-11-26 19:02:01","Distance between screws","","","","","No","","10882949"
"homedepot","315110888","https://www.homedepot.com/p/Leviton-2-Gang-White-Antimicrobial-Decora-Rocker-Plastic-Standard-Wall-Plate-1-Pack-80409-2AW-RA2-80409-2AW/315110888","078477214466","2-Gang White Antimicrobial Decora/Rocker Plastic Standard Wall Plate (1-Pack) 80409-2AW","Frank","2025-11-23 14:50:37","Is this wider and taller than the typical 2 gangs? I want to hide more wall blemishes","","","","","No","","10875728"
"homedepot","301667401","https://www.homedepot.com/p/Leviton-3-Amp-Commercial-Grade-Single-Pole-Single-Circuit-Momentary-Doorjamb-with-Jamb-Box-Switch-Brass-1865-1865/301667401","078477954157","3 Amp Commercial Grade Single-Pole Single Circuit Momentary Doorjamb with Jamb Box Switch, Brass 1865","Tommy","2025-09-11 00:47:15","Does this switch come normally open?","","","","","No","","10726879"
"homedepot","328422824","https://www.homedepot.com/p/2nd-Gen-2-Pole-60-Amp-Smart-Circuit-Breaker-120-240-Volt-and-120-208-Volt-10kA-Interrupt-Rating-Thermal-Magnetic-205-LB260-0ST/328422824","078477187937","2nd Gen 2-Pole 60 Amp Smart Circuit Breaker, 120/240-Volt and 120/208-Volt, 10kA Interrupt Rating, Thermal Magnetic","acdel","2025-10-27 02:03:12","Can this breaker be used in Eaton LC panel and can it be operated on WiFi by itself or does it need the Leviton whole home energy monitor?","","","","","No","","10814437"
"homedepot","100201339","https://www.homedepot.com/p/Leviton-3-Amp-Appliance-Cord-Switch-White-5410-W-R52-05410-00W/100201339","078477982693","3 Amp Appliance Cord Switch, White 5410-W","Fred","2025-12-08 04:44:39","can this be used for christmas decorations 120 volt?","","","","","No","","10908034"
"homedepot","315110883","https://www.homedepot.com/p/Leviton-15-Amp-120-277-Volt-Single-Pole-Antimicrobial-Treated-Decora-Rocker-Switch-White-5601-2AW-RA2-05601-2AW/315110883","078477682609","15 Amp 120/277 Volt Single Pole Antimicrobial Treated Decora Rocker Switch, White 5601-2AW","Bitz","2025-09-26 17:20:17","Is this which momentary?","","","","","No","","10756061"
"homedepot","315716006","https://www.homedepot.com/p/Leviton-15-Amp-120-Volt-Toggle-LED-Illuminated-Single-Pole-Switch-Residential-Grade-Grounding-Clear-L1461-C-R00-L1461-00C/315716006","078477187876","15 Amp 120-Volt Toggle LED Illuminated Single-Pole Switch Residential Grade Grounding, Clear L1461-C","RobH","2025-08-18 15:34:34","My switch does not light in the off position. Should I swap the load wires’ connection to the switch?","","","","","No","","10676917"
"homedepot","100356847","https://www.homedepot.com/p/Leviton-Decora-15-Amp-3-Rocker-Combination-Switch-White-1755-WS-R62-01755-0WS/100356847","078477824528","Decora 15 Amp 3-Rocker Combination Switch, White 1755-WS","Sean","2025-09-09 16:57:43","What is the difference between Leviton 1755-2w and 1755-ws?","","","","","No","","10724101"
"homedepot","100191324","https://www.homedepot.com/p/Leviton-Decora-Plus-15-Amp-125-V-Industrial-Grade-Duplex-Outlet-Receptacle-White-1-Pack-16252-WS-R82-16252-0WS/100191324","078477056356","Decora Plus 15 Amp 125 V Industrial Grade Duplex Outlet/Receptacle, White (1-Pack) 16252-WS","John","2025-10-05 02:54:03","Aluminum wiring rated","","","","","No","","10771941"
"homedepot","100069153","https://www.homedepot.com/p/Leviton-3-Gang-White-Toggle-Plastic-Standard-Wall-Plate-1-Pack-88011-W-R52-88011-00W/100069153","078477443804","3-Gang White Toggle Plastic Standard Wall Plate (1-Pack) 88011-W","Craig","2025-08-19 22:52:42","Will this plate accommodate side by side dimmer switches?","","","","","No","","10680054"
"homedepot","301670981","https://www.homedepot.com/p/Leviton-1-Gang-White-Weatherproof-Duplex-Outlet-Receptacle-Polycarbonate-Standard-Outdoor-Cover-1-Pack-4976-W-4976-W/301670981","078477822708","1-Gang White Weatherproof Duplex Outlet/Receptacle Polycarbonate Standard Outdoor Cover (1-Pack) 4976-W","JCooper","2025-09-21 00:27:16","How do I screw this onto the outlet fixture? The two covers prevent access to the central screw hole.","","","","","No","","10745241"
"homedepot","302480849","https://www.homedepot.com/p/Leviton-30-Amp-125-Volt-250-Volt-Shallow-Single-Flush-Mounted-Outlet-Black-5207-S10-R30-05207-S10/302480849","078477905753","30 Amp 125-Volt/250-Volt Shallow Single Flush Mounted Outlet, Black 5207-S10","Dryer","2025-11-02 21:56:28","Wiring instructions","","","","","No","","10828380"
"homedepot","322495297","https://www.homedepot.com/p/Leviton-Decora-Smart-2nd-Gen-Wi-Fi-Fan-Controller-White-D24SF-1RW-R02-D24SF-1RW/322495297","078477471456","Decora Smart 2nd Gen Wi-Fi Fan Controller, White D24SF-1RW","Paxy","2025-10-07 01:14:36","My fan on low is very strong. Will this device regulate speed in 4 steps while fan is set on low?","","","","","No","","10775492"
"homedepot","300292747","https://www.homedepot.com/p/Leviton-20-Amp-250-Volt-NEMA-6-20R-2-Pole-Commercial-Grade-Single-Straight-Blade-Receptacle-White-5821-W-5821-W/300292747","078477249871","20 Amp 250-Volt NEMA 6-20R 2-Pole Commercial Grade Single Straight Blade Receptacle, White 5821-W","adam","2025-10-30 23:53:04","Will the following outlet accommodate 10 gauge romex wire?","","","","","No","","10822816"
"homedepot","100055784","https://www.homedepot.com/p/Leviton-15-Amp-125-V-Duplex-Outlet-Receptacle-White-10-Pack-5320-WMP-M24-05320-WMP/100055784","078477800744","15 Amp 125 V Duplex Outlet/Receptacle, White (10-Pack) 5320-WMP","GZZZ","2025-07-30 15:41:09","Is there any difference between the 15 v 125 outlet/ receptacle Duplex or Residential?","","","","","No","","10637161"
"homedepot","205743625","https://www.homedepot.com/p/Leviton-White-Ceiling-Mount-Occupancy-Motion-Sensor-1000-Watt-120-Volt-Switching-Relay-360-Degree-Field-Of-Vision-R02-ODC0S-I1W/205743625","078477881880","White Ceiling Mount Occupancy Motion Sensor, 1000-Watt/120-Volt Switching Relay, 360 Degree Field Of Vision,","Electrician","2025-10-15 20:01:17","Will a ceiling fan activate it?","","","","","No","","10791501"
"homedepot","301370408","https://www.homedepot.com/p/Leviton-Trimatron-Rotary-Dimmer-Switch-for-Dimmable-LED-Halogen-and-Incandescent-Bulbs-White-RDL06-TW-R00-RDL06-0TW/301370408","078477855621","Trimatron Rotary Dimmer Switch for Dimmable LED, Halogen and Incandescent Bulbs - White RDL06-TW","IBMP","2025-09-01 14:29:31","Is it ELV?","","","","","No","","10707675"
"homedepot","205996739","https://www.homedepot.com/p/Leviton-20-Amp-Self-Test-SmartlockPro-Slim-Duplex-GFCI-Outlet-White-R12-GFNT2-0RW/205996739","078477714690","20 Amp Self-Test SmartlockPro Slim Duplex GFCI Outlet, White","Gladys","2025-10-21 13:59:11","Can I use it anywhere in the house?","","","","","No","","10802442"
"homedepot","331965998","https://www.homedepot.com/p/Leviton-300-Amp-12-Space-12-Circuit-Outdoor-Meter-Main-Combo-Load-Center-Ringless-w-Lever-Bypass-Removable-5th-Jaw-Installed-250-LS130-S5D/331965998","078477333716","300 Amp 12-Space, 12-Circuit Outdoor Meter Main Combo Load Center, Ringless w/Lever Bypass, Removable 5th Jaw Installed","James","2025-11-18 19:05:26","Does thid come with a 300 amp main breaker and feed thru lugs?","","","","","No","","10864995"
"homedepot","309601721","https://www.homedepot.com/p/Leviton-Gray-1-Gang-Industrial-Grade-Weatherproof-Cover-for-Flanged-Devices-WP2-GY-R50-00WP2-0GY/309601721","078477322048","Gray 1-Gang Industrial Grade Weatherproof Cover for Flanged Devices WP2-GY","Manuel","2025-10-12 17:30:49","Can it be held in the open position","","","","","No","","10785457"
"homedepot","206000203","https://www.homedepot.com/p/Leviton-15-Amp-125-Volt-Combo-Self-Test-Tamper-Resistant-GFCI-Outlet-and-Switch-White-GFSW1-KW-R92-GFSW1-0KW/206000203","078477714751","15 Amp 125-Volt Combo Self-Test Tamper-Resistant GFCI Outlet and Switch, White GFSW1-KW","Yana","2025-09-16 21:51:52","How make this work?","","","","","No","","10737360"
"homedepot","302009532","https://www.homedepot.com/p/Leviton-Multimode-Fast-Cure-ST-Fiber-Optic-Connector-Black-49990-MST-49990-MST/302009532","078477085790","Multimode Fast Cure ST Fiber Optic Connector, Black 49990-MST","Allen","2025-10-10 02:56:50","Do I need special tool for Leviton 49990-MST installation.","","","","","No","","10781214"
"homedepot","322083349","https://www.homedepot.com/p/Leviton-Decora-Lever-Edge-15-Amp-120-277-Volt-Single-Pole-Switch-White-10-Pack-E5601-MW-M02-E5601-0MW/322083349","078477332481","Decora Lever Edge 15 Amp 120/277 Volt Single Pole Switch, White (10-Pack) E5601-MW","Kenneth","2025-10-02 03:36:36","Wire size 12ga or 14 ga","","","","","No","","10766554"
"homedepot","301447124","https://www.homedepot.com/p/Leviton-30-Amp-Industrial-Grade-Heavy-Duty-Single-Pole-Pilot-Light-Toggle-Switch-Red-3031-PLR-3031-PLR/301447124","078477781456","30 Amp Industrial Grade Heavy Duty Single-Pole Pilot Light Toggle Switch, Red 3031-PLR","eric","2025-11-16 16:33:07","can this switch be used for 220v single phase heat tape?","","","","","No","","10859621"
"homedepot","206001533","https://www.homedepot.com/p/Leviton-15-Amp-Self-Test-SmartlockPro-Slim-Duplex-GFCI-Outlet-White-GFNT1-KW-R12-GFNT1-0KW/206001533","078477714041","15 Amp Self-Test SmartlockPro Slim Duplex GFCI Outlet, White GFNT1-KW","Steve","2025-12-05 07:19:43","What replacement gfi outdoor outlet do I need for a residential home","","","","","No","","10902396"
"homedepot","324847369","https://www.homedepot.com/p/Leviton-Decora-Smart-Plug-In-Dimmer-with-Z-Wave-Technology-White-DZPD3-2BW-DZPD3-2BW/324847369","078477877906","Decora Smart Plug-In Dimmer with Z-Wave Technology, White DZPD3-2BW","Dakota","2025-09-18 18:20:52","does this work with ring home security system","","","","","No","","10740797"
"homedepot","301447164","https://www.homedepot.com/p/Leviton-20-Amp-Industrial-Grade-Heavy-Duty-Double-Pole-Toggle-Switch-Gray-1222-2GY-1222-2GY/301447164","078477241943","20 Amp Industrial Grade Heavy Duty Double-Pole Toggle Switch, Gray 1222-2GY","DoctorJ","2025-11-14 16:40:13","Is this rated for a 2 hp motor","","","","","No","","10855132"
"homedepot","202035011","https://www.homedepot.com/p/Leviton-15-Amp-Tamper-Resistant-Combination-Switch-and-Outlet-White-T5225-WS-R62-T5225-0WS/202035011","078477467039","15 Amp Tamper-Resistant Combination Switch and Outlet, White T5225-WS","Joev","2025-12-05 15:18:36","Does the switch turn the receptacle on and off as well?","","","","","No","","10902755"
"homedepot","205996792","https://www.homedepot.com/p/Leviton-15-Amp-125-Volt-Duplex-Self-Test-Tamper-Resistant-Weather-Resistant-GFCI-Outlet-White-GFWT1-KW-R92-GFWT1-0KW/205996792","078477709184","15 Amp 125-Volt Duplex Self-Test Tamper Resistant/Weather Resistant GFCI Outlet, White GFWT1-KW","Todd","2025-11-21 01:25:36","Is this able to be used with aluminum wiring","","","","","No","","10870605"
"homedepot","300861745","https://www.homedepot.com/p/Leviton-15-Amp-125-Volt-Straight-Plug-Black-and-White-5266-CS-R50-05266-0CS/300861745","078477842928","15 Amp 125-Volt Straight Plug, Black and White 5266-CS","Dave","2025-10-31 15:04:57","can I use this to replace plug on free standing floor heater with a 16awg (1.31mm2)x3c cord","","","","","No","","10823852"
"homedepot","301447032","https://www.homedepot.com/p/Leviton-3-Amp-Industrial-Grade-Heavy-Duty-Single-Pole-Toggle-Switch-White-12021-2W-12021-2W/301447032","078477394304","3 Amp Industrial Grade Heavy Duty Single-Pole Toggle Switch, White 12021-2W","Randy","2025-11-20 13:25:23","Should this switch be used for fireplaces with a 24 volt transformer","","","","","No","","10869026"
"homedepot","315508352","https://www.homedepot.com/p/Leviton-Decora-Smart-4-Speed-Fan-Controller-with-Z-Wave-Technology-ZW4SF-1BW-ZW4SF-1BW/315508352","078477588543","Decora Smart 4-Speed Fan Controller with Z-Wave Technology ZW4SF-1BW","Chris","2025-09-23 18:17:58","Can this speed switch operate two fans","","","","","No","","10750301"
"homedepot","206942378","https://www.homedepot.com/p/Leviton-Decora-Slide-Dimmer-Switch-for-Dimmable-LED-Halogen-and-Incandescent-Bulbs-White-Light-Almond-DSL06-1TW-R11-DSL06-1TW/206942378","078477762783","Decora Slide Dimmer Switch for Dimmable LED, Halogen and Incandescent Bulbs, White/Light Almond DSL06-1TW","Damian","2025-09-26 18:41:20","What bulbs are compatible","","","","","No","","10756236"
"homedepot","332429036","https://www.homedepot.com/p/Leviton-Flush-Mount-Flange-P-Series-Surge-Protective-Panels-Polycarbonate-PSURG-FLG-001-PSURG-FLG/332429036","078477016794","Flush Mount Flange P Series Surge Protective Panels, Polycarbonate PSURG-FLG","BobC","2025-11-01 01:06:38","Will this work with the Syscom 120/240 T1","","","","","No","","10824867"
"homedepot","206812905","https://www.homedepot.com/p/Leviton-120VAC-Decora-Digital-Decora-Smart-Coordinating-Switch-Remote-3-Way-or-up-to-9-Additional-Locations-Ivory-DD0SR-1Z-DD0SR-1Z/206812905","078477728574","120VAC Decora Digital/Decora Smart Coordinating Switch Remote, 3-Way or up to 9 Additional Locations, Ivory DD0SR-1Z","Flavio","2025-09-28 16:31:02","What is the difference between the del DD0SR-1Z and the DD0SR-1RM?","","","","","No","","10759549"
"homedepot","202027008","https://www.homedepot.com/p/Leviton-15-Amp-Combination-Double-Switch-White-5224-2WS-R62-05224-2WS/202027008","078477824481","15 Amp Combination Double Switch, White 5224-2WS","Russ","2025-11-26 16:41:34","Is it weather resistant ?","","","","","No","","10882634"
"homedepot","301361616","https://www.homedepot.com/p/Leviton-20-Amp-SmartlockPro-Weather-Tamper-Resistant-GFCI-Duplex-Outlet-Gray-GFWT2-GY-GFWT2-GY/301361616","078477709139","20 Amp SmartlockPro Weather/Tamper Resistant GFCI Duplex Outlet, Gray GFWT2-GY","Kell","2025-12-07 15:57:16","Is this for outdoor??","","","","","No","","10906594"
"homedepot","206001533","https://www.homedepot.com/p/Leviton-15-Amp-Self-Test-SmartlockPro-Slim-Duplex-GFCI-Outlet-White-GFNT1-KW-R12-GFNT1-0KW/206001533","078477714041","15 Amp Self-Test SmartlockPro Slim Duplex GFCI Outlet, White GFNT1-KW","Todd","2025-11-21 01:14:44","Are you allowed to used this outlet with aluminum wiring","","","","","No","","10870555"
"homedepot","100055784","https://www.homedepot.com/p/Leviton-15-Amp-125-V-Duplex-Outlet-Receptacle-White-10-Pack-5320-WMP-M24-05320-WMP/100055784","078477800744","15 Amp 125 V Duplex Outlet/Receptacle, White (10-Pack) 5320-WMP","Heidi","2025-10-04 22:57:13","Is this outlet good for hooking up a refrigerator?","","","","","No","","10771598"
"homedepot","315110883","https://www.homedepot.com/p/Leviton-15-Amp-120-277-Volt-Single-Pole-Antimicrobial-Treated-Decora-Rocker-Switch-White-5601-2AW-RA2-05601-2AW/315110883","078477682609","15 Amp 120/277 Volt Single Pole Antimicrobial Treated Decora Rocker Switch, White 5601-2AW","Josh","2025-11-30 07:43:58","Does this product have a 10 pack?","","","","","No","","10890785"
"homedepot","205997285","https://www.homedepot.com/p/Leviton-20-Amp-Self-Test-SmartlockPro-Slim-Duplex-GFCI-Outlet-Ivory-GFNT2-RI-R99-GFNT2-0RI/205997285","078477714638","20 Amp Self-Test SmartlockPro Slim Duplex GFCI Outlet, Ivory GFNT2-RI","Lonnie","2025-12-08 19:26:52","wiring connections behind unit?","","","","","No","","10909041"
"homedepot","300861745","https://www.homedepot.com/p/Leviton-15-Amp-125-Volt-Straight-Plug-Black-and-White-5266-CS-R50-05266-0CS/300861745","078477842928","15 Amp 125-Volt Straight Plug, Black and White 5266-CS","Andy","2025-10-14 22:49:24","Will 12ga stranded wire fit in this device?","","","","","No","","10790056"
"homedepot","315854532","https://www.homedepot.com/p/Leviton-Decora-Smart-Wi-Fi-Single-Outlet-Plug-In-Switch-15-Amp-120-Volt-White-R02-D215P-1RW/315854532","078477363249","Decora Smart Wi-Fi Single Outlet Plug-In Switch,15 Amp 120-Volt, White","Bill","2025-08-21 13:26:13","Can the outlet be used as a count-down timer? ( example: setting to deliver 45 minutes of power)","","","","","No","","10683027"
"homedepot","311373590","https://www.homedepot.com/p/Leviton-50-Amp-Double-Pole-Single-Outlet-Black-5378-P00-R20-05378-P00/311373590","078477982358","50 Amp Double Pole Single Outlet, Black 5378-P00","Jimmy","2025-09-06 19:23:23","Is this for 3 wire 40 amp range","","","","","No","","10718553"
"homedepot","300862055","https://www.homedepot.com/p/Leviton-20-Amp-125-Volt-Straight-Plug-Black-and-White-R60-05366-0CS/300862055","078477843048","20 Amp 125-Volt Straight Plug, Black and White","Joe123","2025-08-19 01:27:53","Will this be compatible with my 10/3 extension cord?","","","","","No","","10678240"
"homedepot","300324220","https://www.homedepot.com/p/Leviton-50-Amp-2-Pole-Flush-Mount-Shallow-Single-Outlet-Black-NEMA-6-50R-R10-05374-S00/300324220","078477695401","50 Amp 2-Pole Flush Mount Shallow Single Outlet, Black NEMA 6-50R","Mike","2025-11-24 02:48:12","will this accept 6 guage wire?","","","","","No","","10877312"
"homedepot","301361350","https://www.homedepot.com/p/Leviton-Decora-15-Amp-125-250-V-Europlug-Duplex-Outlet-Receptacle-White-1-Pack-5825-W-5825-W/301361350","078477984697","Decora 15 Amp 125/250 V Europlug Duplex Outlet/Receptacle, White (1-Pack) 5825-W","WallaceL","2025-11-07 20:58:30","Is the product rated for outdoor use.","","","","","No","","10839250"
"homedepot","300862185","https://www.homedepot.com/p/Leviton-30-Amp-125-Volt-Locking-Plug-Black-and-White-2611-CS-R50-02611-0CS/300862185","078477842744","30 Amp 125-Volt Locking Plug, Black and White 2611-CS","Tony","2025-09-05 18:20:49","What is the largest wire it can take","","","","","No","","10716619"
"homedepot","100356887","https://www.homedepot.com/p/Leviton-Decora-15-Amp-Single-Pole-Dual-Switch-White-5634-WS-R62-05634-0WS/100356887","078477774069","Decora 15 Amp Single Pole Dual Switch, White 5634-WS","Deee","2025-08-28 04:07:03","Needed for outside light and basement light","","","","","No","","10699393"
"homedepot","308801521","https://www.homedepot.com/p/Leviton-Branch-Circuit-Breaker-Padlock-Accessory-LBHPL-LBHPL/308801521","078477822524","Branch Circuit Breaker Padlock Accessory LBHPL","william","2025-10-09 16:41:34","does the breaker lock work with 1 pole and 2 pole along withe the dual function breakers?","","","","","No","","10780072"
"homedepot","100058788","https://www.homedepot.com/p/Leviton-Decora-15-Amp-Single-Pole-Switch-White-5601-2WS-R72-05601-2WS/100058788","078477104163","Decora 15 Amp Single-Pole Switch, White 5601-2WS","mike","2025-09-26 00:30:29","Will this work with google smart home?","","","","","No","","10755031"
"homedepot","301361625","https://www.homedepot.com/p/Leviton-15-Amp-125-V-Self-Grounding-Duplex-Outlet-Receptacle-Brown-1-Pack-5320-S-5320-S/301361625","078477231951","15 Amp 125 V Self Grounding Duplex Outlet/Receptacle, Brown (1-Pack) 5320-S","Gianny","2025-11-03 00:57:23","Can I use this in my outdoor kitchen?","","","","","No","","10828719"
"homedepot","100357007","https://www.homedepot.com/p/Leviton-Pull-Chain-Socket-Lamp-Holder-19980-PG-R50-19980-0PG/100357007","078477319703","Pull-Chain Socket Lamp Holder 19980-PG","Laurie","2025-09-24 12:45:30","Can I change the pull chain for a more decorative one?","","","","","No","","10751561"
"homedepot","301400812","https://www.homedepot.com/p/Leviton-15-Amp-Straight-Blade-Non-Grounded-Plug-Black-115PR-R-R60-115PR-00R/301400812","078477793435","15 Amp Straight-Blade Non-Grounded Plug, Black 115PR-R","RonS","2025-12-04 19:42:57","Is this plug polarized?","","","","","No","","10901231"
"homedepot","308801536","https://www.homedepot.com/p/Leviton-6AWG-Circuit-Breaker-Neutral-Lug-LLNTL-LLNTL/308801536","078477822463","6AWG Circuit Breaker Neutral Lug LLNTL","SomeoneJim","2025-08-22 20:41:58","How does it secure to the bar in the breaker box?","","","","","No","","10688129"
"homedepot","100356980","https://www.homedepot.com/p/Leviton-Medium-Base-Socket-Extender-2006-R52-02006-000/100356980","078477186008","Medium Base Socket Extender 2006","Hubert","2025-11-08 21:50:59","Is it safe to install several light socket extenders","","","","","No","","10841546"
"homedepot","207106566","https://www.homedepot.com/p/Leviton-600-Watt-250-Volt-White-Outlet-Box-Lampholder-49875-R50-49875-000/207106566","078477323007","600-Watt 250-Volt White Outlet Box Lampholder 49875","Carlos","2025-10-31 18:53:26","How to grownd this","","","","","No","","10824248"
"homedepot","100058788","https://www.homedepot.com/p/Leviton-Decora-15-Amp-Single-Pole-Switch-White-5601-2WS-R72-05601-2WS/100058788","078477104163","Decora 15 Amp Single-Pole Switch, White 5601-2WS","Lainey","2025-09-04 14:00:32","How does this connect ?","","","","","No","","10714050"
"homedepot","100170446","https://www.homedepot.com/p/Leviton-Outlet-to-Socket-Light-Plug-White-61-W-R52-00061-00W/100170446","078477077375","Outlet-to-Socket Light Plug, White 61-W","CHEROKEE","2025-10-19 00:57:43","Hi, can I use 100 W bulb for this?","","","","","No","","10797706"
"homedepot","302009539","https://www.homedepot.com/p/Leviton-660-Watt-15-Amp-2-Outlet-Socket-Adapter-Black-1403-1403/302009539","078477171202","660-Watt 15 Amp 2-Outlet Socket Adapter, Black 1403","Jack","2025-09-23 00:58:44","Is this for exterior?","","","","","No","","10749126"
"homedepot","100356895","https://www.homedepot.com/p/Leviton-Bulb-Guard-White-12200-W-R50-12200-00W/100356895","078477820858","Bulb Guard, White 12200-W","jimmyrob24","2025-10-22 14:30:09","how long is this guard","","","","","No","","10804725"
"homedepot","317168142","https://www.homedepot.com/p/Leviton-Decora-In-Wall-Motion-Sensor-Light-Switch-Motion-Activated-Auto-On-Auto-Off-5-Amp-Single-Pole-or-3-Way-White-DOS05-1LZ/317168142","078477572603","Decora In-Wall Motion Sensor Light Switch, Motion Activated, Auto-On/Auto-Off, 5-Amp, Single Pole or 3-Way, White","Dayton","2025-10-01 12:16:02","Can 2 of these motion activated switches be used to control a single light? I want to install on a stairway which has a 90 degree turn halfway. Location of switches will not allow them to “see” each other, but I really want a motion switch top and bottom.","","","","","No","","10764892"
"homedepot","206812905","https://www.homedepot.com/p/Leviton-120VAC-Decora-Digital-Decora-Smart-Coordinating-Switch-Remote-3-Way-or-up-to-9-Additional-Locations-Ivory-DD0SR-1Z-DD0SR-1Z/206812905","078477728574","120VAC Decora Digital/Decora Smart Coordinating Switch Remote, 3-Way or up to 9 Additional Locations, Ivory DD0SR-1Z","Mark","2025-11-13 21:16:34","i have two three way switches, one at each end of hall. I would like to replace one with a D215S switch, leave the other existing 3-way as is to work with the added D215S then also add an anywhere companion DAWSC to work with the D215S. Is this okay?","","","","","No","","10853507"
"homedepot","320528177","https://www.homedepot.com/p/Leviton-Decora-Smart-Wi-Fi-Single-Pole-Motion-Sensor-Dimmer-2nd-Gen-Works-with-Alexa-Google-HomeKit-D2MSD-1RW-R02-D2MSD-1RW/320528177","078477172605","Decora Smart Wi-Fi Single Pole Motion Sensor Dimmer (2nd Gen) Works with Alexa/Google/HomeKit D2MSD-1RW","Fred123","2025-10-27 14:36:27","If the app (or Google Home) is used to turn the light on or off, will the timer and occupancy sensor override? In other words if I turn on in the app, will the timer shut it off and if I turn it off in the app will the sensor turn the light back on?","","","","","No","","10815206"
"homedepot","317168142","https://www.homedepot.com/p/Leviton-Decora-In-Wall-Motion-Sensor-Light-Switch-Motion-Activated-Auto-On-Auto-Off-5-Amp-Single-Pole-or-3-Way-White-DOS05-1LZ/317168142","078477572603","Decora In-Wall Motion Sensor Light Switch, Motion Activated, Auto-On/Auto-Off, 5-Amp, Single Pole or 3-Way, White","Wolf","2025-08-14 15:04:22","When installing this switch with another 3-way switch, can it be installed in either location (i.e. load side or line side) All diagrams show it as line -> regular 3-way switch -> motion-activated switch -> load.","","","","","No","","10669106"
"homedepot","301809317","https://www.homedepot.com/p/Leviton-20-Amp-Right-Angle-Wiring-Module-for-Lev-Lok-Receptacles-Lev-Lok-Modular-Device-White-MSTWL-A-MSTWL-A/301809317","078477427248","20 Amp Right Angle Wiring Module for Lev-Lok Receptacles, Lev-Lok Modular Device, White MSTWL-A","Gunnar","2025-09-21 21:42:16","A number of the receptacles are noted as being self-grounding, but I cannot find any official information for these on how installation or modules would differ. I'm sure it's straightforward, but an official note is really in order?","","","","","No","","10746684"
"homedepot","316126703","https://www.homedepot.com/p/Leviton-Decora-In-Wall-Motion-Sensor-Light-Switch-Motion-Activated-Auto-On-Auto-Off-2-Amp-Single-Pole-White-DOS02-1LW-R02-DOS02-1LW/316126703","078477572559","Decora In-Wall Motion Sensor Light Switch, Motion Activated, Auto-On/Auto-Off, 2-Amp, Single Pole, White DOS02-1LW","Diego","2025-11-14 20:54:07","I installed a fan sensor as well as this motion sensor for the bathroom, after installing the Fan sensor the motion sensor stopped working. am I using too many censored items in the bathroom?","","","","","No","","10855778"
"homedepot","301701220","https://www.homedepot.com/p/Leviton-2-Gang-White-1-Toggle-1-Blank-Plastic-Midway-Midsize-Wall-Plate-1-Pack-80506-W-80506-W/301701220","078477491485","2-Gang White 1-Toggle / 1-Blank Plastic Midway/Midsize Wall Plate (1-Pack) 80506-W","hungrycat","2025-10-13 21:18:03","The listed model number for this product is 80506. Per the Leviton website, the dimensions for this model should be 4.94"" x 4.875"". This page says the dimensions are 4.5"" x 4.5"". Please clarify the accuracy of the model number and dimensions.","","","","","No","","10787879"
"homedepot","327842514","https://www.homedepot.com/p/Leviton-2nd-Gen-Load-Center-Wifi-Data-Hub-Whole-Home-Energy-Monitor-with-1-Pair-of-CTs-LWHEM-2R-R02-LWHEM-02R/327842514","078477264089","2nd Gen Load Center Wifi Data Hub, Whole Home Energy Monitor with 1-Pair of CTs LWHEM-2R","Jeff","2025-10-31 03:49:01","Does this require connectivity to Leviton servers or will they work off grid (local network only)? It is all too common now for vendors to quit supporting products and make them unusable or change how they are used.","","","","","No","","10823223"
"homedepot","336837064","https://www.homedepot.com/p/Leviton-50-Amp-Outdoor-EV-Charging-Outlet-with-Metal-Weather-Resistant-Cover-Surface-Mount-R01-EVCVM-050/336837064","078477034897","50-Amp Outdoor EV Charging Outlet with Metal Weather-Resistant Cover, Surface Mount","TerranceTchir","2025-11-08 01:28:38","Yes. You will need to remove the four screws attaching the plank cover and install a threaded hub in its place like what is used on top of a meter box for the exterior electrical service","","","","","No","","10839800"
"homedepot","202066702","https://www.homedepot.com/p/Leviton-20-Amp-125-V-Commercial-Grade-Duplex-Outlet-Receptacle-White-1-Pack-CBR20-W-R62-CBR20-00W/202066702","078477462799","20 Amp 125 V Commercial Grade Duplex Outlet/Receptacle, White (1-Pack) CBR20-W","DanP","2025-12-07 17:54:15","can 10 guage wire be screwed onto 20 amp outlet","","","","","No","","10906827"
"homedepot","320528167","https://www.homedepot.com/p/Leviton-Decora-Smart-Wi-Fi-Tamper-Resistant-15A-Duplex-Outlet-2nd-Gen-Works-with-Alexa-Google-HomeKit-and-Anywhere-Companions-R02-D215R-1RW/320528167","078477471487","Decora Smart Wi-Fi Tamper Resistant 15A Duplex Outlet (2nd Gen) Works with Alexa/Google/HomeKit and Anywhere Companions","Aaron","2025-11-05 05:40:33","Can this be used indoors in a wall with poor thermal insulation? The front of the outlet will be at normal indoor temps, but the backside in the box may potentially be exposed to temps below freezing. (Old house).","","","","","No","","10833537"
"homedepot","322306961","https://www.homedepot.com/p/Leviton-Decora-Occupancy-Motion-Sensor-Light-Switch-Auto-On-15A-Residential-Grade-Single-Pole-Multi-Way-or-Multi-Sensor-DOS15-1LZ/322306961","078477471272","Decora Occupancy Motion Sensor Light Switch, Auto-On, 15A, Residential Grade, Single Pole, Multi-Way or Multi-Sensor","Stanley","2025-09-26 17:52:23","If I press botton manually to turn on, will it switch off at set time(10 20 or 30 mins)? Or will it stay on till turned of manually?","","","","","No","","10756138"
"homedepot","301350304","https://www.homedepot.com/p/Leviton-Decora-600-Watt-Single-Pole-3-Way-Universal-Rocker-Slide-Dimmer-White-3-Pack-DSL06-3PW-M02-DSL06-3PW/301350304","078477869390","Decora 600-Watt Single-Pole/3-Way Universal Rocker Slide Dimmer, White (3-Pack) DSL06-3PW","3wayWiring","2025-11-29 06:15:44","Based on the instructions this Dimmer looks like it has to be on the hot side to work. Will it also work on the common side (the side where the black wire goes to the light?","","","","","No","","10888343"
"homedepot","301370402","https://www.homedepot.com/p/Leviton-Trimatron-Rotary-Dimmer-Switch-for-Dimmable-LED-Halogen-and-Incandescent-Bulbs-White-RNL06-TW-R00-RNL06-0TW/301370402","078477855614","Trimatron Rotary Dimmer Switch for Dimmable LED, Halogen and Incandescent Bulbs - White RNL06-TW","Step","2025-12-05 04:04:46","I need to remove the light switch cover but do not know how to remove the knob. I do not want to pull so hard it breaks as it’s been there for almost 20 years.","","","","","No","","10902249"
"homedepot","310692418","https://www.homedepot.com/p/Leviton-SureSlide-Ceiling-Fan-Control-and-Dimmer-Switch-for-LED-Halogen-and-Incandescent-Bulbs-White-66DF-W-R02-066DF-00W/310692418","078477320518","SureSlide Ceiling Fan Control and Dimmer Switch for LED, Halogen and Incandescent Bulbs - White 66DF-W","supercorgi","2025-08-13 14:53:30","Is this switch compatible with a Hunter Ceiling fan (model #53215)? The ceiling fan does not use a remote and it has 3 fan speeds and a light.","","","","","No","","10667038"
"homedepot","301420052","https://www.homedepot.com/p/Leviton-120mA-24VDC-Power-Pack-with-Dry-Contact-Relay-OSP15-R30-OSP15-R30/301420052","078477166802","120mA 24VDC Power Pack with Dry Contact Relay OSP15-R30","leonard","2025-10-06 18:14:37","can it control a ceiling fan","","","","","No","","10774674"
"homedepot","309628494","https://www.homedepot.com/p/Leviton-1-Gang-C-Series-Single-Outlet-1-6-in-Dia-Opening-Wall-Plate-Standard-Size-Magnetic-Stainless-Steel-SL721-R50-SL721-000/309628494","078477919101","1-Gang C-Series Single Outlet 1.6 in. Dia Opening Wall Plate, Standard Size, Magnetic Stainless Steel SL721","Thomas","2025-10-23 14:16:33","Does this fit a round L6-30R receptacle","","","","","No","","10806921"
"homedepot","319915886","https://www.homedepot.com/p/Decora-15-Amp-In-Wall-Multi-Location-Motion-Sensor-Vacancy-Manual-On-Single-Pole-3-Way-White-Ivory-Lt-Almond-R12-DVS15-1LM/319915886","078477472309","Decora 15 Amp In-Wall Multi-Location Motion Sensor Vacancy, Manual-On, Single Pole, 3-Way, White/Ivory/Lt Almond","Jeff","2025-10-14 21:03:26","What are the timer range options/setting to auto-off lights?","","","","","No","","10789869"
"homedepot","202526087","https://www.homedepot.com/p/Leviton-Black-Medium-Base-Interior-Only-Shell-Incandescent-Lampholder-19980-M-19980-M/202526087","078477319505","Black Medium Base Interior Only Shell Incandescent Lampholder 19980-M","john","2025-07-28 22:48:36","Specs say ""1.5 inch diameter""--it's obviously not. Socket I'm replacing is 1⅛"" max, the one I got from the lamp store today is 1¼"" and won't fit. Is this 1⅛ inch diameter (at the plastic section)? Thanx.","","","","","No","","10633701"
"homedepot","100356815","https://www.homedepot.com/p/Leviton-1-Gang-White-Duplex-Outlet-Receptacle-Nylon-Midway-Midsize-Wall-Plate-1-Pack-PJ8-W-R62-00PJ8-00W/100356815","078477211892","1-Gang White Duplex Outlet/Receptacle Nylon Midway/Midsize Wall Plate (1-Pack) PJ8-W","Beee","2025-08-18 17:21:29","Why is there a Prop 65 warning on this item? Can you share what material is causing this? The boxes on the shelf have a Prop 65 warning for nearly all Leviton wallplates.","","","","","No","","10677191"
"homedepot","330333492","https://www.homedepot.com/p/Leviton-Level-2-EV-Charger-Station-40-Amp-208-240-VAC-9-6-kW-Output-25-ft-Charging-Cable-NEMA-14-50P-Plug-EV40P-000-EV40P-000/330333492","078477015582","Level 2 EV Charger Station 40 Amp, 208/240 VAC, 9.6 kW Output 25 ft. Charging Cable NEMA 14-50P Plug EV40P","Migs849","2025-08-27 20:53:38","Do you have to use the app? I just want to be able to mount this on a pedestal and let people charge without software etc.","","","","","No","","10698671"
"homedepot","301361692","https://www.homedepot.com/p/Leviton-Decora-Plus-15-Amp-125-V-Surge-Protective-Duplex-Outlet-Receptacle-Gray-1-Pack-5280-GY-5280-GY/301361692","078477008829","Decora Plus 15 Amp 125 V Surge Protective Duplex Outlet/Receptacle, Gray (1-Pack) 5280-GY","Luis","2025-10-27 01:36:57","I have two hot wires (line) and two neutral wires in my old outlet because it continues power to another outlet. Will this item surge receptacle work for that setup?","","","","","No","","10814392"
"homedepot","206942378","https://www.homedepot.com/p/Leviton-Decora-Slide-Dimmer-Switch-for-Dimmable-LED-Halogen-and-Incandescent-Bulbs-White-Light-Almond-DSL06-1TW-R11-DSL06-1TW/206942378","078477762783","Decora Slide Dimmer Switch for Dimmable LED, Halogen and Incandescent Bulbs, White/Light Almond DSL06-1TW","Homedyi","2025-08-18 18:08:27","Will this fit with a standard rocker wall plate?","","","","","No","","10677308"
"homedepot","324858988","https://www.homedepot.com/p/Leviton-200-Amp-8-Space-8-Circuit-Outdoor-Meter-Main-Combo-Load-Center-Ringless-with-Lever-Bypass-LS820-BLD-LS820-BLD/324858988","078477217474","200 Amp 8-Space, 8-Circuit Outdoor Meter Main Combo Load Center, Ringless with Lever Bypass LS820-BLD","Jeff","2025-11-02 21:06:14","Wondering if 4/0 aluminum wire will work in this box?","","","","","No","","10828276"
"homedepot","205165475","https://www.homedepot.com/p/Leviton-15-Amp-125-Volt-Lighted-Round-Dead-Front-Connector-Clear-515CV-LIT-R50-515CV-LIT/205165475","078477674864","15-Amp 125-Volt Lighted Round Dead Front Connector - Clear 515CV-LIT","Vaca","2025-09-28 15:16:07","What voltage can the light withstand? Need for a Europlug adapter, so 230V 50Hz?","","","","","No","","10759406"
"homedepot","301447161","https://www.homedepot.com/p/Leviton-20-Amp-Industrial-Grade-Heavy-Duty-Single-Pole-Toggle-Switch-Red-1221-SR-1221-SR/301447161","078477239872","20 Amp Industrial Grade Heavy Duty Single-Pole Toggle Switch, Red 1221-SR","Chris","2025-11-25 15:15:15","Can I use this switch as a service disconnect for a 120v mini split","","","","","No","","10880292"
"homedepot","320528167","https://www.homedepot.com/p/Leviton-Decora-Smart-Wi-Fi-Tamper-Resistant-15A-Duplex-Outlet-2nd-Gen-Works-with-Alexa-Google-HomeKit-and-Anywhere-Companions-R02-D215R-1RW/320528167","078477471487","Decora Smart Wi-Fi Tamper Resistant 15A Duplex Outlet (2nd Gen) Works with Alexa/Google/HomeKit and Anywhere Companions","Glen","2025-12-04 18:02:30","Can this outlet control downstream outlets? Meaning that the switched portion has a line out that can be the feed for other outlets, all with a common neutral.","","","","","No","","10900966"
"homedepot","206942378","https://www.homedepot.com/p/Leviton-Decora-Slide-Dimmer-Switch-for-Dimmable-LED-Halogen-and-Incandescent-Bulbs-White-Light-Almond-DSL06-1TW-R11-DSL06-1TW/206942378","078477762783","Decora Slide Dimmer Switch for Dimmable LED, Halogen and Incandescent Bulbs, White/Light Almond DSL06-1TW","Jeff","2025-11-27 17:10:17","The LED bulbs in my bathroom light fixture recommend a Leviton DSL06-1LZ dimmer. The one Home Depot sells is a Leviton DSL06-1TW. They appear to be the same in appearance and function. Will the TW version work with my LED bulbs?","","","","","No","","10884612"
"homedepot","308570098","https://www.homedepot.com/p/Leviton-Branch-Circuit-Breaker-GFPE-2-Pole-30-Amp-120-Volt-240-Volt-Hydraulic-Magnetic-LB230-EP-LB230-EP/308570098","078477814956","Branch Circuit Breaker, GFPE 2-Pole 30 Amp, 120-Volt/240-Volt, Hydraulic Magnetic LB230-EP","buzzsaw316","2025-12-08 02:44:49","What is the difference between a HACR rated breaker and a GPFE rated breaker? And what is the equivalent of a HACR rated breaker in the Leviton brand?","","","","","No","","10907868"
"homedepot","320528146","https://www.homedepot.com/p/Leviton-Decora-Smart-No-Neutral-15-Amp-Rocker-Light-Switch-Requires-MLWSB-Wi-Fi-Bridge-White-DN15S-1RW-R02-DN15S-1RW/320528146","078477574324","Decora Smart No-Neutral 15 Amp Rocker Light Switch, Requires MLWSB Wi-Fi Bridge, White DN15S-1RW","TimB","2025-10-16 18:51:38","I see the switch has 3 wires. Hot, load, and ground im assuming. My current switches only have 2. Neither are ground. Would this still work?","","","","","No","","10793523"
"homedepot","206095031","https://www.homedepot.com/p/Leviton-Decora-24-Hour-Programmable-Timer-Switch-for-Lights-Motor-Loads-Neutral-Required-Single-Pole-or-3-Way-White-VPT24-1PZ-021-VPT24-1PZ/206095031","078477477557","Decora 24 Hour Programmable Timer Switch for Lights/Motor Loads, Neutral Required, Single Pole or 3-Way, White VPT24-1PZ","Ismael","2025-11-15 15:15:28","I reset the whole thing and erased all timers, but won't stay on, shuts off automatically?","","","","","No","","10857178"
"homedepot","205165472","https://www.homedepot.com/p/Leviton-15-Amp-125-Volt-Double-Pole-3-Wire-Grounding-Plug-Black-3W101-E-R50-3W101-00E/205165472","078477560549","15 Amp 125-Volt Double Pole 3-Wire Grounding Plug, Black 3W101-E","Chris","2025-08-15 14:18:08","can this be used outside","","","","","No","","10671055"
"homedepot","323276273","https://www.homedepot.com/p/Leviton-100-Amp-20-Space-20-Circuit-Indoor-Load-Center-with-Main-Circuit-Breaker-Door-Included-LP210-BDR-RD0-LP210-BDR/323276273","078477996331","100 Amp 20-Space, 20-Circuit Indoor Load Center with Main Circuit Breaker, Door Included LP210-BDR","Walk5211","2025-08-18 20:51:31","Is this loadcenter really wider than a typical stud opening?","","2025-12-09 03:31:20","If the studs are 16"" on center, these fit just fine. At 16"" on center there is 14 1/2"" between studs.","113","No","","10677674"
"homedepot","315861059","https://www.homedepot.com/p/Leviton-Decora-Smart-Anywhere-Switch-Companion-Add-Wire-Free-3-Way-On-Off-Control-to-Decora-Smart-Wi-Fi-2nd-Gen-White-R02-DAWSC-1RW/315861059","078477214053","Decora Smart Anywhere Switch Companion, Add Wire-Free 3-Way On/Off Control to Decora Smart Wi-Fi 2nd Gen, White","Dccq","2025-12-06 22:28:14","Can you connect this switch to two different outlets or device devices?","","","","","No","","10905714"
"homedepot","202066682","https://www.homedepot.com/p/Leviton-Decora-Plus-20-Amp-125-V-Industrial-Grade-Duplex-Outlet-Receptacle-Gray-1-Pack-16352-GS-R87-16352-0GS/202066682","078477353325","Decora Plus 20 Amp 125 V Industrial Grade Duplex Outlet/Receptacle, Gray (1-Pack) 16352-GS","Stuart","2025-09-11 00:02:05","willb12g wire push into the back","","","","","No","","10726799"
"homedepot","307887621","https://www.homedepot.com/p/Leviton-Concrete-Floor-Box-Brass-Cover-Plate-2-Decora-Flip-Lids-FBC2F-B-FBC2F-B/307887621","078477812402","Concrete Floor Box Brass Cover Plate, 2 Decora Flip Lids FBC2F-B","Case","2025-11-12 13:16:10","Is this approved for installation to subfloor prior to carpet installation? safety?","","","","","No","","10850185"
"homedepot","203812619","https://www.homedepot.com/p/Leviton-Table-Top-Plug-In-Lamp-Dimmer-for-Dimmable-LED-Halogen-and-Incandescent-Bulbs-Black-TBL03-10E-R15-TBL03-10E/203812619","078477603819","Table Top Plug In Lamp Dimmer for Dimmable LED, Halogen and Incandescent Bulbs - Black TBL03-10E","Patti","2025-10-29 14:24:16","What is the length of the cord?","","","","","No","","10819344"
"homedepot","330996322","https://www.homedepot.com/p/50-Amp-125-250-Volt-EV-Power-Outlet-Receptacle-NEMA-14-50R-Black-1450R-1-Pack-R10-1450R-0B0/330996322","078477018255","50 Amp 125/250 Volt EV Power Outlet/Receptacle, NEMA 14-50R, Black 1450R (1-Pack)","Johnnnny","2025-08-24 23:01:28","I need a box for outside for this and it's depth is almost 2.5"" and the external boxes all are for 2"" depth outlet. Anyone able to find a box for this?","","","","","No","","10692230"
"homedepot","206942378","https://www.homedepot.com/p/Leviton-Decora-Slide-Dimmer-Switch-for-Dimmable-LED-Halogen-and-Incandescent-Bulbs-White-Light-Almond-DSL06-1TW-R11-DSL06-1TW/206942378","078477762783","Decora Slide Dimmer Switch for Dimmable LED, Halogen and Incandescent Bulbs, White/Light Almond DSL06-1TW","Joneses","2025-10-07 06:22:53","Is this dimmer compatible with Commercial Electric Pro LED adjustable canless recess lights?","","","","","No","","10775784"
"homedepot","324646573","https://www.homedepot.com/p/Leviton-Decora-In-Wall-Humidity-Sensor-for-Bathroom-Exhaust-Fan-Control-Switch-1-4-HP-Residential-Grade-Single-Pole-White-R02-DHS05-1LM/324646573","078477472576","Decora In-Wall Humidity Sensor for Bathroom Exhaust Fan Control Switch, 1/4 HP, Residential Grade, Single Pole, White","Paul","2025-10-20 17:45:54","Will this work with a Broan Smart Sense bathroom fan system?","","","","","No","","10800792"
"homedepot","316126703","https://www.homedepot.com/p/Leviton-Decora-In-Wall-Motion-Sensor-Light-Switch-Motion-Activated-Auto-On-Auto-Off-2-Amp-Single-Pole-White-DOS02-1LW-R02-DOS02-1LW/316126703","078477572559","Decora In-Wall Motion Sensor Light Switch, Motion Activated, Auto-On/Auto-Off, 2-Amp, Single Pole, White DOS02-1LW","Concerned1","2025-09-08 18:39:16","Can you adjust the sensitivity to the sensor","","","","","No","","10722346"
"homedepot","301940681","https://www.homedepot.com/p/Leviton-Decora-GFCI-1-Gang-Extra-Heavy-Duty-Raintight-While-In-Use-Device-Mount-Horizontal-Cover-with-Lid-Clear-5981-UCL-5981-UCL/301940681","078477674253","Decora/GFCI 1-Gang Extra Heavy-Duty Raintight While-In-Use Device Mount Horizontal Cover with Lid, Clear 5981-UCL","moonamigo","2025-11-04 09:53:36","Are the clear cover lids prone to yellowing or other degradation in the sun?","","","","","No","","10831469"
"homedepot","327840632","https://www.homedepot.com/p/2nd-Gen-2-Pole-50-Amp-Smart-Circuit-Breaker-w-Remote-Control-Standard-120-240-Volt-and-120-208-Volt-Thermal-Magnetic-R15-LB250-STR/327840632","078477005484","2nd Gen 2-Pole 50 Amp Smart Circuit Breaker w/Remote Control, Standard 120/240-Volt and 120/208-Volt, Thermal Magnetic","RalphT","2025-08-15 13:25:55","does the 2nd Gen 2-Pole 50 Amp Smart Circuit Breaker require the Data Hub?","","","","","No","","10670963"
"homedepot","301447166","https://www.homedepot.com/p/Leviton-20-Amp-Industrial-Grade-Heavy-Duty-Single-Pole-Pilot-Light-Toggle-Switch-Clear-1221-PLC-1221-PLC/301447166","078477224441","20 Amp Industrial Grade Heavy Duty Single-Pole Pilot Light Toggle Switch, Clear 1221-PLC","April","2025-08-27 18:03:52","Hi, I have an old switch as well that does not require a neutral wire. Is there pilot switch that does not require a neutral wire?","","","","","No","","10698253"
"homedepot","332222809","https://www.homedepot.com/p/Leviton-Black-White-Lever-Edge-30-Amp-125-250-Volt-Locking-Plug-NEMA-L14-30P-3P-4W-Industrial-Grade-2711E-BX-R61-2711E-0BX/332222809","078477024010","Black & White Lever Edge 30 Amp 125/250 Volt Locking Plug, NEMA L14-30P, 3P, 4W, Industrial Grade 2711E-BX","timberman","2025-09-23 02:34:22","Q: Will this accept 8/4 wire? What is the diameter of the hole the wire goes in?","","","","","No","","10749272"
"homedepot","331710598","https://www.homedepot.com/p/Leviton-Decora-White-15-Amp-Tamper-Resistant-Duplex-Outlet-with-USB-Charger-Type-A-C-3-6-Amp-18-Watt-Outlet-1-Pack-T5638-BW-R02-T5638-0BW/331710598","078477021620","Decora White 15 Amp Tamper Resistant Duplex Outlet with USB Charger Type A/C 3.6 Amp 18-Watt Outlet 1-Pack (T5638-BW)","steve","2025-10-12 13:31:46","Are these ok for electric toothbrushes plugged in 24/7/365 ?","","","","","No","","10785003"
"homedepot","327993803","https://www.homedepot.com/p/Leviton-Type-1-Surge-Protective-Panel-120-240-VAC-200-Amp-Split-Phase-36kA-per-Phase-R2120-B-020-R2120-00B/327993803","078477583012","Type 1 Surge Protective Panel, 120/240 VAC, 200 Amp, Split Phase, 36kA per Phase R2120-B","dmq400","2025-10-31 13:08:08","are these 200A panel protector as effective as installing a single surge protector on an individual circuit (20 amp)?","","","","","No","","10823560"
"homedepot","315861059","https://www.homedepot.com/p/Leviton-Decora-Smart-Anywhere-Switch-Companion-Add-Wire-Free-3-Way-On-Off-Control-to-Decora-Smart-Wi-Fi-2nd-Gen-White-R02-DAWSC-1RW/315861059","078477214053","Decora Smart Anywhere Switch Companion, Add Wire-Free 3-Way On/Off Control to Decora Smart Wi-Fi 2nd Gen, White","Tucker","2025-09-30 04:16:09","Does this switch send radio frequency signals all the time or just when the switch is pushed","","","","","No","","10762750"
"homedepot","317168139","https://www.homedepot.com/p/Leviton-5-Amp-Single-Pole-or-3-Way-Decora-Vacancy-Motion-Sensor-In-Wall-Switch-Manual-On-White-Ivory-Light-Almond-DVS05-1LZ-DVS05-1LZ/317168139","078477572597","5 Amp Single Pole or 3-Way Decora Vacancy Motion Sensor In-Wall Switch, Manual-On , White/Ivory/Light Almond DVS05-1LZ","Nathan","2025-09-10 19:42:16","To be clear this switch will only turn on when you hit the switch. Then will shut off on its own when no more motion is detected. Then to turn back on again it will have to be hit ?","","","","","No","","10726417"
"homedepot","324472255","https://www.homedepot.com/p/Leviton-Decora-Single-Pole-In-Wall-Combination-Occupancy-Sensor-with-Fan-Switch-1-4-HP-Residential-Grade-White-DOD05-1LW-DOD05-1LW/324472255","078477985502","Decora Single Pole In-Wall Combination Occupancy Sensor with Fan Switch, 1/4 HP, Residential Grade, White DOD05-1LW","Klight","2025-09-20 14:26:32","I want the motion sensor to activate both the light and the fan at the same time. Will this do that?","","","","","No","","10744067"
"homedepot","301747916","https://www.homedepot.com/p/Leviton-5-Amp-Trimatron-Single-Pole-Full-Range-Rotary-Fan-Speed-Control-White-6616-1XW-6616-1XW/301747916","078477256459","5-Amp Trimatron Single Pole Full Range Rotary Fan Speed Control, White 6616-1XW","Kosta","2025-10-07 23:05:03","Will this switch also turn the fan off","","","","","No","","10777117"
"homedepot","328254315","https://www.homedepot.com/p/1-Pole-20-Amp-120-Volt-2nd-Gen-Wi-Fi-Smart-Branch-Circuit-Breaker-Standard-10kA-Interrupt-Rating-Thermal-Magnetic-205-LB120-0ST/328254315","078477187401","1-Pole 20 Amp, 120-Volt 2nd Gen Wi-Fi Smart Branch Circuit Breaker, Standard, 10kA Interrupt Rating, Thermal Magnetic","Israel","2025-08-14 00:13:39","Does Leviton smart breaker fit existing Siemens box?","","","","","No","","10668202"
"homedepot","315781986","https://www.homedepot.com/p/Leviton-Decora-Smart-Wi-Fi-Dimmer-Switch-in-White-Works-With-Google-Alexa-HomeKit-and-Anywhere-Companions-R02-D26HD-1RW/315781986","078477363225","Decora Smart Wi-Fi Dimmer Switch in White - Works With Google, Alexa, HomeKit, and Anywhere Companions","Mark","2025-11-15 04:25:16","Will this switch work to operate a Fantech inline exhaust fan for bathroom ventilation?","","","","","No","","10856663"
"homedepot","315781986","https://www.homedepot.com/p/Leviton-Decora-Smart-Wi-Fi-Dimmer-Switch-in-White-Works-With-Google-Alexa-HomeKit-and-Anywhere-Companions-R02-D26HD-1RW/315781986","078477363225","Decora Smart Wi-Fi Dimmer Switch in White - Works With Google, Alexa, HomeKit, and Anywhere Companions","Ben24","2025-09-24 18:38:20","Can I locate the location of the switch in the dark? Something like a dark mode?","","","","","No","","10752239"
"homedepot","320528167","https://www.homedepot.com/p/Leviton-Decora-Smart-Wi-Fi-Tamper-Resistant-15A-Duplex-Outlet-2nd-Gen-Works-with-Alexa-Google-HomeKit-and-Anywhere-Companions-R02-D215R-1RW/320528167","078477471487","Decora Smart Wi-Fi Tamper Resistant 15A Duplex Outlet (2nd Gen) Works with Alexa/Google/HomeKit and Anywhere Companions","Roger","2025-09-05 20:10:00","Does the switched outlet use a mechanical relay?","","","","","No","","10716865"
"homedepot","317168142","https://www.homedepot.com/p/Leviton-Decora-In-Wall-Motion-Sensor-Light-Switch-Motion-Activated-Auto-On-Auto-Off-5-Amp-Single-Pole-or-3-Way-White-DOS05-1LZ/317168142","078477572603","Decora In-Wall Motion Sensor Light Switch, Motion Activated, Auto-On/Auto-Off, 5-Amp, Single Pole or 3-Way, White","TJM1","2025-09-28 21:12:45","What is the Product Number of DOSKT faceplate of black color?","","","","","No","","10760143"
"homedepot","331467996","https://www.homedepot.com/p/Leviton-Lever-Edge-20-Amp-125-Volt-Duplex-Outlet-Receptacle-Commercial-Grade-White-10-Pack-ECBR2-WMP-M02-ECBR2-WMP/331467996","078477020432","Lever Edge 20 Amp 125 Volt Duplex Outlet/Receptacle, Commercial Grade, White (10-Pack) ECBR2-WMP","scott","2025-09-02 22:39:08","is the lever edge a pass thru device? eliminating wire nuts and pig tails in the box?","","","","","No","","10710915"
"homedepot","326817002","https://www.homedepot.com/p/Surge-Protective-Device-with-Two-20-Amp-1-Pole-Standard-Thermal-Magnetic-Branch-Circuit-Breakers-LSPD2-TR-R01-LSPD2-0TR/326817002","078477270318","Surge Protective Device with Two 20 Amp 1-Pole Standard Thermal Magnetic Branch Circuit Breakers LSPD2-TR","Erik","2025-08-26 18:21:33","Is there a way to make this a 2 pole breaker instead of 2 single poles?","","","","","No","","10696052"
"homedepot","324472255","https://www.homedepot.com/p/Leviton-Decora-Single-Pole-In-Wall-Combination-Occupancy-Sensor-with-Fan-Switch-1-4-HP-Residential-Grade-White-DOD05-1LW-DOD05-1LW/324472255","078477985502","Decora Single Pole In-Wall Combination Occupancy Sensor with Fan Switch, 1/4 HP, Residential Grade, White DOD05-1LW","ThisGuy","2025-09-10 17:07:43","Can I adjust the sensitivity of the motion sensor?","","","","","No","","10726033"
"homedepot","330333492","https://www.homedepot.com/p/Leviton-Level-2-EV-Charger-Station-40-Amp-208-240-VAC-9-6-kW-Output-25-ft-Charging-Cable-NEMA-14-50P-Plug-EV40P-000-EV40P-000/330333492","078477015582","Level 2 EV Charger Station 40 Amp, 208/240 VAC, 9.6 kW Output 25 ft. Charging Cable NEMA 14-50P Plug EV40P","jowers357","2025-09-11 10:26:15","What is the model of the pedestal that this can mount on?","","","","","No","","10727243"
"homedepot","301361245","https://www.homedepot.com/p/Leviton-20-Amp-SmartlockPro-Industrial-Grade-Heavy-Duty-Tamper-Resistant-GFCI-Outlet-with-Leads-White-GFTR2-5LW-GFTR2-5LW/301361245","078477724309","20 Amp SmartlockPro Industrial Grade Heavy Duty Tamper Resistant GFCI Outlet with Leads, White GFTR2-5LW","Abel","2025-12-01 04:43:50","Can I use a 15 or a 20 amp receptacle on a 20 amp circuit breaker?","","","","","No","","10893075"
"homedepot","301767675","https://www.homedepot.com/p/Leviton-15-Amp-SmartlockPro-Combination-GFCI-Outlet-and-Switch-Ivory-GFSW1-I-C91-GFSW1-00I/301767675","078477714744","15 Amp SmartlockPro Combination GFCI Outlet and Switch, Ivory GFSW1-I","Doug","2025-08-13 23:15:01","How quiet is the switch? I want to use it in the bathroom next to a bedroom and don't want a loud ""old school sounding"" switch.","","","","","No","","10668085"
"homedepot","322306961","https://www.homedepot.com/p/Leviton-Decora-Occupancy-Motion-Sensor-Light-Switch-Auto-On-15A-Residential-Grade-Single-Pole-Multi-Way-or-Multi-Sensor-DOS15-1LZ/322306961","078477471272","Decora Occupancy Motion Sensor Light Switch, Auto-On, 15A, Residential Grade, Single Pole, Multi-Way or Multi-Sensor","Donald","2025-09-22 17:27:07","Can this switch be used with a ceiling fan???","","","","","No","","10748134"
"homedepot","301370402","https://www.homedepot.com/p/Leviton-Trimatron-Rotary-Dimmer-Switch-for-Dimmable-LED-Halogen-and-Incandescent-Bulbs-White-RNL06-TW-R00-RNL06-0TW/301370402","078477855614","Trimatron Rotary Dimmer Switch for Dimmable LED, Halogen and Incandescent Bulbs - White RNL06-TW","Herb","2025-10-16 21:49:17","How many led 16 watt Toggler 4' LED tubes can this dimmer switch handle?","","","","","No","","10793720"
"homedepot","100684044","https://www.homedepot.com/p/Leviton-15-Amp-125-V-Commercial-Grade-Duplex-Outlet-Receptacle-White-10-Pack-CBR15-WMP-M22-CBR15-WMP/100684044","078477462720","15 Amp 125 V Commercial Grade Duplex Outlet/Receptacle, White (10-Pack) CBR15-WMP","Bobm","2025-10-05 18:33:03","Is this device rated for stranded wire,when side wiring with pressure plate? I don't see this listed.","","","","","No","","10772815"
"homedepot","206942378","https://www.homedepot.com/p/Leviton-Decora-Slide-Dimmer-Switch-for-Dimmable-LED-Halogen-and-Incandescent-Bulbs-White-Light-Almond-DSL06-1TW-R11-DSL06-1TW/206942378","078477762783","Decora Slide Dimmer Switch for Dimmable LED, Halogen and Incandescent Bulbs, White/Light Almond DSL06-1TW","Josh","2025-10-07 22:18:49","Does this work with 120 V lights?","","","","","No","","10777027"
"homedepot","202065967","https://www.homedepot.com/p/Leviton-SureSlide-Dimmer-Switch-for-Dimmable-LED-Halogen-and-Incandescent-Bulbs-White-6674-P0W-R62-06674-P0W/202065967","078477561942","SureSlide Dimmer Switch for Dimmable LED, Halogen and Incandescent Bulbs - White 6674-P0W","Tima","2025-09-02 10:52:42","I used this brand LED recess light, six on one dimmer. It works but there is a mild buzzing coming from the dimmer. How can I fix this? Amico LED Recessed Ceiling Light 6 Inch 12W=110W 2700K/3000K/3500K/4000K/5000K Selectable Ultra-Thin Canless Wafer","","","","","No","","10709555"
"homedepot","331591464","https://www.homedepot.com/p/Leviton-Decora-Lever-Edge-Rocker-Slide-Dimmer-Switch-for-LED-INC-Bulbs-150-Watt-Single-Pole-or-3-Way-White-1-Pack-ESL01-1KW-R02-ESL01-1LW/331591464","078477021989","Decora Lever Edge Rocker Slide Dimmer Switch for LED/INC Bulbs, 150 Watt, Single Pole or 3-Way, White (1-Pack) ESL01-1KW","1811","2025-11-18 07:54:56","Is this classifiedas an ELV dimmer?","","","","","No","","10863916"
"homedepot","301701251","https://www.homedepot.com/p/Leviton-2-Gang-White-1-Decora-Rocker-1-Blank-Plastic-Midway-Midsize-Wall-Plate-1-Pack-80608-W-002-80608-00W/301701251","078477492482","2-Gang White 1-Decora/Rocker / 1-Blank Plastic Midway/Midsize Wall Plate (1-Pack) 80608-W","Jessalyn","2025-11-23 23:26:53","Is this matte or gloss white? Needing matte. Also, do you/ can you make this in screwless style?","","","","","No","","10876932"
"homedepot","100356847","https://www.homedepot.com/p/Leviton-Decora-15-Amp-3-Rocker-Combination-Switch-White-1755-WS-R62-01755-0WS/100356847","078477824528","Decora 15 Amp 3-Rocker Combination Switch, White 1755-WS","Tony","2025-08-14 10:42:44","How do you wire the switch","","","","","No","","10668816"
"homedepot","301799860","https://www.homedepot.com/p/Leviton-Renoir-2-Gang-White-Decorator-Rocker-Plastic-Standard-Wall-Plate-1-Pack-AWP00-20W-AWP00-20W/301799860","078477509555","Renoir 2-Gang White Decorator/Rocker Plastic Standard Wall Plate (1-Pack) AWP00-20W","SKumar","2025-09-01 22:07:41","Don;t see the holes in the plate. Are we supposed to drill the holes?","","","","","No","","10708776"
"homedepot","100357030","https://www.homedepot.com/p/Leviton-Glazed-Porcelain-Lamp-Holder-with-Pull-Chain-and-Outlet-9726-C-R60-09726-00C/100357030","078477103098","Glazed Porcelain Lamp Holder with Pull Chain and Outlet 9726-C","Linda","2025-11-23 13:34:32","Just installed and my plug falls out of socket. Will not keep anything plugged in as I have tried several others. Is this faulty?","","","","","No","","10875585"
"homedepot","312392696","https://www.homedepot.com/p/Leviton-Branch-Circuit-Breaker-Standard-2-Pole-30-Amp-120-Volt-240-Volt-Thermal-Magnetic-LB230-TR-R10-LB230-0TR/312392696","078477588338","Branch Circuit Breaker, Standard 2-Pole 30 Amp, 120-Volt/240-Volt, Thermal Magnetic LB230-TR","SolarizeHomeEnergy","2025-11-02 19:36:48","Are these breakers rated for usage as a backfed breaker?","","","","","No","","10828101"
"homedepot","315717580","https://www.homedepot.com/p/Leviton-15-Amp-120-Volt-277-Volt-Decora-LED-Illuminated-Rocker-3-Way-AC-Quiet-Switch-Residential-Grade-Grounding-White-R02-L5613-2LW/315717580","078477681879","15 Amp 120-Volt/277-Volt Decora LED Illuminated Rocker 3-Way AC Quiet Switch Residential Grade Grounding, White","Dickie","2025-11-06 22:55:45","will a 3-way switch work in a 1-way app?","","","","","No","","10837327"
"homedepot","315861073","https://www.homedepot.com/p/Leviton-Decora-Smart-Anywhere-LED-CFL-Inc-Wire-Free-3-Way-Dimmer-Companion-On-Off-Dimming-for-Decora-Smart-Wi-Fi-2nd-Gen-White-R02-DAWDC-1RW/315861073","078477214060","Decora Smart Anywhere LED/CFL/Inc Wire-Free 3-Way Dimmer Companion, On/Off/Dimming for Decora Smart Wi-Fi 2nd Gen, White","chad","2025-12-08 18:34:25","Will this work for a 8ft track lighting strip with track heads on it?","","","","","No","","10908891"
"homedepot","320528146","https://www.homedepot.com/p/Leviton-Decora-Smart-No-Neutral-15-Amp-Rocker-Light-Switch-Requires-MLWSB-Wi-Fi-Bridge-White-DN15S-1RW-R02-DN15S-1RW/320528146","078477574324","Decora Smart No-Neutral 15 Amp Rocker Light Switch, Requires MLWSB Wi-Fi Bridge, White DN15S-1RW","Mike","2025-08-14 07:38:26","Do I need the WiFi bridge if all I want is the wireless three way functionality? (I don’t need the smart home or WiFi integration)","","","","","No","","10668703"
"homedepot","309998632","https://www.homedepot.com/p/Leviton-Pop-Up-Floor-Box-with-15-Amp-Tamper-Resistant-Self-Test-GFCI-Outlet-Bronze-PFGF1-BZ-PFGF1-BZ/309998632","078477950654","Pop-Up Floor Box with 15 Amp, Tamper-Resistant Self-Test GFCI Outlet, Bronze PFGF1-BZ","Mike","2025-08-15 19:40:54","Can this item be used in an outdoor concrete patio, exposed to weather (snow and heat)?","","","","","No","","10671707"
"homedepot","202065967","https://www.homedepot.com/p/Leviton-SureSlide-Dimmer-Switch-for-Dimmable-LED-Halogen-and-Incandescent-Bulbs-White-6674-P0W-R62-06674-P0W/202065967","078477561942","SureSlide Dimmer Switch for Dimmable LED, Halogen and Incandescent Bulbs - White 6674-P0W","Fill","2025-11-01 14:06:42","Will this work with a 72 watt flat panel 2x4 LED ceiling fixture light","","","","","No","","10825537"
"homedepot","332552614","https://www.homedepot.com/p/Leviton-4-in-Round-Adjustable-Slim-Integrated-LED-Recessed-Downlight-820-Lumens-5-CCT-Color-Selectable-Dimmable-001-DAR40-S1W/332552614","078477023662","4 in. Round Adjustable Slim Integrated LED Recessed Downlight, 820 Lumens, 5 CCT Color Selectable, Dimmable","Dave","2025-09-10 15:03:38","What is the beam angle for the 4 inch led?","","","","","No","","10725772"
"homedepot","320528167","https://www.homedepot.com/p/Leviton-Decora-Smart-Wi-Fi-Tamper-Resistant-15A-Duplex-Outlet-2nd-Gen-Works-with-Alexa-Google-HomeKit-and-Anywhere-Companions-R02-D215R-1RW/320528167","078477471487","Decora Smart Wi-Fi Tamper Resistant 15A Duplex Outlet (2nd Gen) Works with Alexa/Google/HomeKit and Anywhere Companions","Christina","2025-11-07 13:49:26","Compatible with 5g?","","","","","No","","10838260"
"homedepot","324858988","https://www.homedepot.com/p/Leviton-200-Amp-8-Space-8-Circuit-Outdoor-Meter-Main-Combo-Load-Center-Ringless-with-Lever-Bypass-LS820-BLD-LS820-BLD/324858988","078477217474","200 Amp 8-Space, 8-Circuit Outdoor Meter Main Combo Load Center, Ringless with Lever Bypass LS820-BLD","Jeff","2025-11-02 21:11:45","Also do you have the full dimensions of this box?","","","","","No","","10828285"
"homedepot","309998640","https://www.homedepot.com/p/Leviton-Pop-Up-Floor-Box-with-Dual-Type-A-3-6-Amp-USB-Charger-15-Amp-Outlet-Black-PFUS1-MB-PFUS1-MB/309998640","078477950111","Pop-Up Floor Box with Dual Type A, 3.6 Amp USB Charger, 15 Amp Outlet, Black PFUS1-MB","James","2025-09-03 09:18:37","I would like to see the dimensions of the unit showing the size of the box, the side profiles, the heights of the trim cover above the floor, the width, depth, etc.","","","","","No","","10711600"
"homedepot","317168142","https://www.homedepot.com/p/Leviton-Decora-In-Wall-Motion-Sensor-Light-Switch-Motion-Activated-Auto-On-Auto-Off-5-Amp-Single-Pole-or-3-Way-White-DOS05-1LZ/317168142","078477572603","Decora In-Wall Motion Sensor Light Switch, Motion Activated, Auto-On/Auto-Off, 5-Amp, Single Pole or 3-Way, White","Patrick","2025-10-03 15:37:28","How long after motion stops will the light stay on?","","","","","No","","10769036"
"homedepot","315781986","https://www.homedepot.com/p/Leviton-Decora-Smart-Wi-Fi-Dimmer-Switch-in-White-Works-With-Google-Alexa-HomeKit-and-Anywhere-Companions-R02-D26HD-1RW/315781986","078477363225","Decora Smart Wi-Fi Dimmer Switch in White - Works With Google, Alexa, HomeKit, and Anywhere Companions","Richard","2025-09-28 13:49:13","would this work for a outside flood light","","","","","No","","10759264"
"homedepot","327585902","https://www.homedepot.com/p/Leviton-30-Watt-6-Amp-White-USB-Type-C-C-15-Amp-Tamper-Resistant-Outlet-USB-Charger-for-Smartphones-and-Tablets-Not-for-Laptops-R02-T5637-00W/327585902","078477000939","30-Watt 6 Amp White USB Type-C/C 15 Amp Tamper-Resistant Outlet USB Charger for Smartphones and Tablets, Not for Laptops","pshayse","2025-12-03 14:34:05","Does this come with cover plate?","","","","","No","","10898469"
"homedepot","315717567","https://www.homedepot.com/p/Leviton-15-Amp-120-Volt-277-Volt-Decora-LED-Illuminated-Rocker-Single-Pole-AC-Quiet-Switch-Residential-Grade-Grounding-White-R02-L5611-2LW/315717567","078477681848","15 Amp 120-Volt/277-Volt Decora LED Illuminated Rocker Single-Pole AC Quiet Switch Residential Grade Grounding, White","JL501","2025-11-22 23:13:36","I sthis switch UL listed? I don't see the UL mark in the photo, or mention in the Details","","","","","No","","10874762"
"homedepot","315782019","https://www.homedepot.com/p/Leviton-Decora-Smart-15-Amp-Wi-Fi-Smart-Rocker-Light-Switch-with-Alexa-Google-and-HomeKit-2nd-Gen-White-D215S-1RW-R02-D215S-1RW/315782019","078477363232","Decora Smart 15 Amp Wi-Fi Smart Rocker Light Switch with Alexa, Google and HomeKit 2nd Gen, White D215S-1RW","james","2025-11-02 20:16:32","is this aone pole or three pole?","","","","","No","","10828181"
"homedepot","202721357","https://www.homedepot.com/p/Leviton-Decora-120-277-Volt-AC-White-Occupancy-PIR-Sensor-ODS10-IHW-R52-ODS10-IHW/202721357","078477553763","Decora 120/277-Volt AC White Occupancy PIR Sensor ODS10-IHW","Jarred","2025-10-04 03:14:51","How long does the switch stay on after motion is stopped?","","","","","No","","10770212"
"homedepot","315782019","https://www.homedepot.com/p/Leviton-Decora-Smart-15-Amp-Wi-Fi-Smart-Rocker-Light-Switch-with-Alexa-Google-and-HomeKit-2nd-Gen-White-D215S-1RW-R02-D215S-1RW/315782019","078477363232","Decora Smart 15 Amp Wi-Fi Smart Rocker Light Switch with Alexa, Google and HomeKit 2nd Gen, White D215S-1RW","callmechristian","2025-11-18 01:38:57","Does this switch need to be in the ON position in order for Wi-Fi to work in turning it on? Or can Wi-Fi function to turn the light on and off, with the switch in the OFF position?","","","","","No","","10863440"
"homedepot","322083559","https://www.homedepot.com/p/Leviton-Decora-Lever-Edge-15-Amp-125-V-Tamper-Resistant-Duplex-Outlet-Receptacle-White-10-Pack-E5325-MW-M02-E5325-0MW/322083559","078477332542","Decora Lever Edge 15 Amp 125 V Tamper Resistant Duplex Outlet/Receptacle, White (10-Pack) E5325-MW","Dmitry","2025-10-28 21:22:26","Do they work with any screw less cover plate","","","","","No","","10818197"
"homedepot","301304898","https://www.homedepot.com/p/Leviton-15-Amp-125-Volt-Straight-Blade-Grounding-Power-Inlet-Outlet-Gray-5278-CWP-001-05278-CWP/301304898","078477018712","15 Amp 125-Volt Straight Blade Grounding Power Inlet Outlet, Gray 5278-CWP","jbs286","2025-10-10 15:34:39","What is a safe way to enclose the interior end of this product? I have it mounted on the plywood exterior of my shed wall, thus the interior end protrudes into the shed (exposed) about an inch.","","","","","No","","10781821"
"homedepot","315781986","https://www.homedepot.com/p/Leviton-Decora-Smart-Wi-Fi-Dimmer-Switch-in-White-Works-With-Google-Alexa-HomeKit-and-Anywhere-Companions-R02-D26HD-1RW/315781986","078477363225","Decora Smart Wi-Fi Dimmer Switch in White - Works With Google, Alexa, HomeKit, and Anywhere Companions","JohnL","2025-08-13 18:39:00","What wire gauge are the wires on this switch?","","","","","No","","10667543"
"homedepot","308986534","https://www.homedepot.com/p/Leviton-15-Amp-120-277-VAC-Decora-Plus-Single-Pole-Rocker-Light-Switch-Momentary-Contact-Commercial-Specification-White-5655-2W/308986534","078477841198","15 Amp 120/277 VAC Decora Plus Single Pole Rocker Light Switch Momentary Contact Commercial Specification, White","CCFL","2025-10-10 20:31:59","Will this work for storm shutters going both up and down?","","","","","No","","10782261"
"homedepot","327585902","https://www.homedepot.com/p/Leviton-30-Watt-6-Amp-White-USB-Type-C-C-15-Amp-Tamper-Resistant-Outlet-USB-Charger-for-Smartphones-and-Tablets-Not-for-Laptops-R02-T5637-00W/327585902","078477000939","30-Watt 6 Amp White USB Type-C/C 15 Amp Tamper-Resistant Outlet USB Charger for Smartphones and Tablets, Not for Laptops","Suman","2025-11-18 18:42:11","Can the USB-c port on this receptacle provide 12V 3Amp Router?","","","","","No","","10864923"
"homedepot","100356941","https://www.homedepot.com/p/Leviton-30-Amp-Industrial-Double-Pole-Switch-White-3032-2WS-R62-03032-2WS/100356941","078477868539","30 Amp Industrial Double Pole Switch, White 3032-2WS","Avery","2025-10-04 23:03:57","I have a 1.65 hp motor at 240 volts drawing around 8 amps, will this switch work as a disconnect switch? Single phase water pump","","","","","No","","10771612"
"homedepot","312392718","https://www.homedepot.com/p/Leviton-Branch-Circuit-Breaker-Standard-2-Pole-100-Amp-120-Volt-240-Volt-Thermal-Magnetic-LB200-R-R00-LB200-00R/312392718","078477639597","Branch Circuit Breaker, Standard 2-Pole 100 Amp, 120-Volt/240-Volt, Thermal Magnetic LB200-R","Mholsclaw","2025-08-14 20:25:49","What size conductors are the 100aa breakers rated for? The manual only specifies the load center not the breaker itself.","","","","","No","","10669836"
"homedepot","323276276","https://www.homedepot.com/p/Leviton-200-Amp-12-Space-12-Circuit-Outdoor-All-In-One-Meter-Main-Combo-Load-Center-Solar-Ready-UG-OH-Semi-Flush-LG120-BER-RE0-LG120-BER/323276276","078477472873","200 Amp 12-Space, 12-Circuit Outdoor All-In-One Meter Main Combo Load Center, Solar Ready, UG/OH Semi-Flush LG120-BER","Gish","2025-09-17 11:53:51","Is this an Ameren approved meter box","","","","","No","","10738245"
"homedepot","301701277","https://www.homedepot.com/p/Leviton-2-Gang-White-1-Decora-Rocker-1-Blank-Nylon-Strap-Mount-Wall-Plate-1-Pack-80708-W-80708-W/301701277","078477980101","2-Gang White 1-Decora/Rocker / 1-Blank Nylon Strap Mount Wall Plate (1-Pack) 80708-W","Jessalyn","2025-11-23 23:24:31","Is this matte or gloss white? These details are important.","","","","","No","","10876926"
"homedepot","322306961","https://www.homedepot.com/p/Leviton-Decora-Occupancy-Motion-Sensor-Light-Switch-Auto-On-15A-Residential-Grade-Single-Pole-Multi-Way-or-Multi-Sensor-DOS15-1LZ/322306961","078477471272","Decora Occupancy Motion Sensor Light Switch, Auto-On, 15A, Residential Grade, Single Pole, Multi-Way or Multi-Sensor","Sam56","2025-09-22 00:45:31","Can I temporarily bypass the countdown timer and have the light stay on?","","","","","No","","10746995"
"homedepot","331014629","https://www.homedepot.com/p/Leviton-Decora-15-Amp-Tamper-Resistant-Duplex-Outlet-with-60W-USB-C-Power-Delivery-Charger-White-1-Pack-T5636-BW-R02-T5636-0BW/331014629","078477471494","Decora 15 Amp Tamper Resistant Duplex Outlet with 60W USB-C Power Delivery Charger, White (1-Pack) T5636-BW","cmad","2025-11-11 01:35:25","can it be used with modified sine wave ac power?","","","","","No","","10846696"
"homedepot","320528126","https://www.homedepot.com/p/Leviton-Decora-Smart-No-Neutral-Dimmer-Wi-Fi-Bridge-Kit-for-Older-Homes-Without-a-Neutral-Wire-DNKIT-1RW-R02-DNKIT-1RW/320528126","078477574348","Decora Smart No-Neutral Dimmer & Wi-Fi Bridge Kit for Older Homes Without a Neutral Wire DNKIT-1RW","Clark","2025-10-22 01:12:52","Will it turn light off completely?","","","","","No","","10804003"
"homedepot","205996792","https://www.homedepot.com/p/Leviton-15-Amp-125-Volt-Duplex-Self-Test-Tamper-Resistant-Weather-Resistant-GFCI-Outlet-White-GFWT1-KW-R92-GFWT1-0KW/205996792","078477709184","15 Amp 125-Volt Duplex Self-Test Tamper Resistant/Weather Resistant GFCI Outlet, White GFWT1-KW","LLCC","2025-11-20 23:20:25","Red light stays and will not reset","","","","","No","","10870350"
"homedepot","202066686","https://www.homedepot.com/p/Leviton-Decora-15-Amp-125-V-Tamper-Resistant-Duplex-Outlet-Receptacle-Brown-1-Pack-T5325-D0-R50-T5325-0D0/202066686","078477466629","Decora 15 Amp 125 V Tamper Resistant Duplex Outlet/Receptacle, Brown (1-Pack) T5325-D0","jopl","2025-09-04 01:53:18","What wall plate is compatible with this outlet?","","","","","No","","10713371"
"homedepot","205999893","https://www.homedepot.com/p/Leviton-20-Amp-Self-Test-SmartlockPro-Slim-GFCI-Duplex-Outlet-White-3-Pack-GFNT2-3W-M22-GFNT2-03W/205999893","078477714232","20 Amp Self-Test SmartlockPro Slim GFCI Duplex Outlet, White (3-Pack) GFNT2-3W","IanS","2025-10-23 16:12:00","Are these GFCIs featured with tamper resistant measures??","","","","","No","","10807144"
"homedepot","302766568","https://www.homedepot.com/p/Leviton-Decora-Digital-Decora-Smart-Switch-Color-Change-Kit-Light-Almond-DDKIT-ST-DDKIT-ST/302766568","078477759349","Decora Digital/Decora Smart Switch Color Change Kit, Light Almond DDKIT-ST","hubspace","2025-09-23 19:24:49","Will it work on a commercial electric hubspace smart switch","","","","","No","","10750447"
"homedepot","301370402","https://www.homedepot.com/p/Leviton-Trimatron-Rotary-Dimmer-Switch-for-Dimmable-LED-Halogen-and-Incandescent-Bulbs-White-RNL06-TW-R00-RNL06-0TW/301370402","078477855614","Trimatron Rotary Dimmer Switch for Dimmable LED, Halogen and Incandescent Bulbs - White RNL06-TW","Bill","2025-10-30 15:48:20","Does dimmer require a neutral?","","","","","No","","10821656"
"homedepot","301767676","https://www.homedepot.com/p/Leviton-15-Amp-125-V-Industrial-Quadplex-Outlet-Receptacle-White-1-Pack-1254-W-1254-W/301767676","078477830444","15 Amp 125 V Industrial Quadplex Outlet/Receptacle, White (1-Pack) 1254-W","Sylvester","2025-12-06 16:01:27","How to daisy chain them in with a room with several outlets?","","","","","No","","10904745"
"homedepot","301344340","https://www.homedepot.com/p/Leviton-20-Amp-250-Volt-Straight-Blade-Grounding-Power-Inlet-Outlet-Gray-5478-CWP-5478-CWP/301344340","078477046128","20 Amp 250-Volt Straight Blade Grounding Power Inlet Outlet, Gray 5478-CWP","SolarCharger","2025-12-07 16:39:57","Can this be mounted to a weatherproof enclosure box?","","","","","No","","10906685"
"homedepot","301667437","https://www.homedepot.com/p/Leviton-660-Watt-Medium-Base-Single-Circuit-Keyless-Outlet-Box-Mount-Plastic-Incandescent-Lampholder-White-8829-CW2/301667437","078477103203","660-Watt Medium Base Single Circuit Keyless Outlet Box Mount Plastic Incandescent Lampholder, White","Mary","2025-12-04 01:32:57","What is diameter it this","","","","","No","","10899961"
"homedepot","202721357","https://www.homedepot.com/p/Leviton-Decora-120-277-Volt-AC-White-Occupancy-PIR-Sensor-ODS10-IHW-R52-ODS10-IHW/202721357","078477553763","Decora 120/277-Volt AC White Occupancy PIR Sensor ODS10-IHW","Shelly","2025-10-08 22:44:18","Is this device California title 24 compliant and appropriate for commercial use?","","","","","No","","10778954"
"homedepot","301304888","https://www.homedepot.com/p/Leviton-50-Amp-125-250-Volt-Industrial-Grade-Straight-Blade-Range-Plug-Black-9450-P-9450-P/301304888","078477809945","50-Amp 125/250-Volt Industrial Grade Straight Blade Range Plug, Black 9450-P","TKing","2025-08-24 22:54:23","Can this plug be changed for an regular 120V plug...???","","","","","No","","10692219"
"homedepot","322083348","https://www.homedepot.com/p/Leviton-Decora-Lever-Edge-15-Amp-120-277-Volt-Single-Pole-Switch-White-1-Pack-E5601-SW-R02-E5601-0SW/322083348","078477332474","Decora Lever Edge 15 Amp 120/277 Volt Single Pole Switch, White (1-Pack) E5601-SW","PMerica","2025-11-20 16:47:39","Are these switches rated for aluminum wiring ?","","","","","No","","10869300"
"homedepot","323276273","https://www.homedepot.com/p/Leviton-100-Amp-20-Space-20-Circuit-Indoor-Load-Center-with-Main-Circuit-Breaker-Door-Included-LP210-BDR-RD0-LP210-BDR/323276273","078477996331","100 Amp 20-Space, 20-Circuit Indoor Load Center with Main Circuit Breaker, Door Included LP210-BDR","Michael","2025-10-25 20:40:44","Am I able to use smart wifi breakers at a sub panel even if the main panel isn't leviton?","","","","","No","","10811871"
"homedepot","301378726","https://www.homedepot.com/p/Leviton-Toggle-Slide-Dimmer-Switch-for-Dimmable-LED-Halogen-and-Incandescent-Bulbs-White-TSL06-1KW-R12-TSL06-1KW/301378726","078477840047","Toggle Slide Dimmer Switch for Dimmable LED, Halogen and Incandescent Bulbs - White TSL06-1KW","Roger","2025-09-11 01:44:46","What does mode a and b do?","","","","","No","","10726962"
"homedepot","336837064","https://www.homedepot.com/p/Leviton-50-Amp-Outdoor-EV-Charging-Outlet-with-Metal-Weather-Resistant-Cover-Surface-Mount-R01-EVCVM-050/336837064","078477034897","50-Amp Outdoor EV Charging Outlet with Metal Weather-Resistant Cover, Surface Mount","Question","2025-10-26 15:36:05","Can this be wired in from the top?","","","","","No","","10813234"
"homedepot","100684044","https://www.homedepot.com/p/Leviton-15-Amp-125-V-Commercial-Grade-Duplex-Outlet-Receptacle-White-10-Pack-CBR15-WMP-M22-CBR15-WMP/100684044","078477462720","15 Amp 125 V Commercial Grade Duplex Outlet/Receptacle, White (10-Pack) CBR15-WMP","turtle","2025-09-27 17:19:23","Does this model have a solid flat front?","","","","","No","","10757881"
"homedepot","301370408","https://www.homedepot.com/p/Leviton-Trimatron-Rotary-Dimmer-Switch-for-Dimmable-LED-Halogen-and-Incandescent-Bulbs-White-RDL06-TW-R00-RDL06-0TW/301370408","078477855621","Trimatron Rotary Dimmer Switch for Dimmable LED, Halogen and Incandescent Bulbs - White RDL06-TW","KnobReplacement","2025-09-21 03:04:10","Can I replace the knob on this if it’s broken off? Or, do I need to start over completely.","","","","","No","","10745434"
"homedepot","305340141","https://www.homedepot.com/p/Leviton-15-Amp-125-Volt-Duplex-Self-Test-Slim-GFCI-Outlet-White-4-Pack-GFNT1-4W-M42-GFNT1-04W/305340141","078477942154","15 Amp 125-Volt Duplex Self-Test Slim GFCI Outlet, White (4-Pack) GFNT1-4W","Vince","2025-10-06 12:50:47","Are these tamper proof and weather resistant?","","","","","No","","10774012"
"homedepot","301446382","https://www.homedepot.com/p/Leviton-15-Amp-Commercial-Grade-Combination-Two-3-Way-Toggle-Switches-White-5243-W-5243-W/301446382","078477229606","15 Amp Commercial Grade Combination Two 3-Way Toggle Switches, White 5243-W","Goingcrazy","2025-10-13 19:19:02","I need a double light switch for aluminum wiring","","","","","No","","10787627"
"homedepot","100356887","https://www.homedepot.com/p/Leviton-Decora-15-Amp-Single-Pole-Dual-Switch-White-5634-WS-R62-05634-0WS/100356887","078477774069","Decora 15 Amp Single Pole Dual Switch, White 5634-WS","XanderXIV","2025-09-24 14:04:00","Can this be used in a garage? Is it damp rated? I mean I use it in my bathroom currently and that would be a damp location due to humidity. So it probably fine in a garage no?","","","","","No","","10751668"
"homedepot","203812625","https://www.homedepot.com/p/Leviton-Table-Top-Plug-In-Lamp-Dimmer-for-Dimmable-LED-Halogen-and-Incandescent-Bulbs-White-TBL03-10W-R12-TBL03-10W/203812625","078477603802","Table Top Plug In Lamp Dimmer for Dimmable LED, Halogen and Incandescent Bulbs - White TBL03-10W","Eddie","2025-11-22 22:01:33","Is this a TRIAC dimmer?","","","","","No","","10874600"
"homedepot","331965998","https://www.homedepot.com/p/Leviton-300-Amp-12-Space-12-Circuit-Outdoor-Meter-Main-Combo-Load-Center-Ringless-w-Lever-Bypass-Removable-5th-Jaw-Installed-250-LS130-S5D/331965998","078477333716","300 Amp 12-Space, 12-Circuit Outdoor Meter Main Combo Load Center, Ringless w/Lever Bypass, Removable 5th Jaw Installed","Electric1","2025-08-20 15:12:13","It's solar ready? Thanks","","","","","No","","10681093"
"homedepot","327042541","https://www.homedepot.com/p/Leviton-Decora-Smart-Wi-Fi-Outdoor-Plug-Matter-Enabled-Weather-Resistant-works-w-My-Leviton-Anywhere-Switch-Companion-D215O-R05-1RE/327042541","078477698334","Decora Smart Wi-Fi Outdoor Plug, Matter Enabled, Weather Resistant, works w/My , Anywhere Switch Companion","Hawk","2025-11-16 19:11:01","How long is this product?","","","","","No","","10860038"
"homedepot","324858961","https://www.homedepot.com/p/Leviton-150-Amp-20-Space-20-Circuit-Indoor-Load-Center-with-Main-Circuit-Breaker-LP215-BPD-LP215-BPD/324858961","078477996171","150 Amp 20-Space, 20-Circuit Indoor Load Center with Main Circuit Breaker LP215-BPD","Elena","2025-10-01 02:15:03","Does it include tye main breaker?","","","","","No","","10764581"
"homedepot","202059834","https://www.homedepot.com/p/Leviton-3-Gang-White-2-Toggle-1-Decora-Rocker-Nylon-Midway-Midsize-Wall-Plate-1-Pack-PJ226-W-R52-PJ226-00W/202059834","078477958650","3-Gang White 2-Toggle / 1-Decora/Rocker Nylon Midway/Midsize Wall Plate (1-Pack) PJ226-W","Jenn","2025-10-31 19:10:43","What are total dimensions?","","","","","No","","10824288"
"homedepot","301447168","https://www.homedepot.com/p/Leviton-20-Amp-Industrial-Grade-Heavy-Duty-Single-Pole-Pilot-Light-Toggle-Switch-Red-1221-PLR-1221-PLR/301447168","078477224427","20 Amp Industrial Grade Heavy Duty Single-Pole Pilot Light Toggle Switch, Red 1221-PLR","Rayv","2025-11-19 05:24:32","What would happen if you swiched the line and load. Im wanting to use it to monitor power and switch a light?","","","","","No","","10866222"
"homedepot","301638005","https://www.homedepot.com/p/Leviton-White-1-Gang-Audio-Video-Wall-Plate-1-Pack-41075-DBW-41075-DBW/301638005","078477700808","White 1-Gang Audio/Video Wall Plate (1-Pack) 41075-DBW","Arthur","2025-12-07 20:38:55","can this be used with the Leviton Decora screw less wall plate model 80301-w?","","","","","No","","10907202"
"homedepot","205996739","https://www.homedepot.com/p/Leviton-20-Amp-Self-Test-SmartlockPro-Slim-Duplex-GFCI-Outlet-White-R12-GFNT2-0RW/205996739","078477714690","20 Amp Self-Test SmartlockPro Slim Duplex GFCI Outlet, White","Markus","2025-08-18 22:05:26","Can this be wired for 250 volt?","","","","","No","","10677855"
"homedepot","327042541","https://www.homedepot.com/p/Leviton-Decora-Smart-Wi-Fi-Outdoor-Plug-Matter-Enabled-Weather-Resistant-works-w-My-Leviton-Anywhere-Switch-Companion-D215O-R05-1RE/327042541","078477698334","Decora Smart Wi-Fi Outdoor Plug, Matter Enabled, Weather Resistant, works w/My , Anywhere Switch Companion","Aaron","2025-11-24 06:12:49","Is it safe to plug a surge protector into this in order to plug multiple items into the same outlet?","","","","","No","","10877582"
"homedepot","301647852","https://www.homedepot.com/p/Leviton-2-Gang-White-Toggle-Plastic-Midway-Midsize-Wall-Plate-1-Pack-80509-W-80509-W/301647852","078477491683","2-Gang White Toggle Plastic Midway/Midsize Wall Plate (1-Pack) 80509-W","Runa","2025-11-21 16:05:32","Advertising this is mid size, larger than standard, is it really ½"" smaller than standard??? Specification tab says its so...","","","","","No","","10871553"
"homedepot","202077649","https://www.homedepot.com/p/Leviton-30-Amp-125-Volt-2-Pole-Angle-Travel-Trailer-Plug-Black-830-T-R50-00830-00T/202077649","078477816639","30 Amp 125-Volt 2-Pole Angle Travel Trailer Plug, Black 830-T","surfer","2025-07-07 13:21:58","I need an adapter plug to convert a European plug to US PLUG","","","","","No","","10585004"
"homedepot","324858991","https://www.homedepot.com/p/Leviton-100-Amp-20-Space-20-Circuit-Outdoor-Load-Center-with-Main-Circuit-Breaker-LR210-BDD-LR210-BDD/324858991","078477996423","100 Amp 20-Space, 20-Circuit Outdoor Load Center with Main Circuit Breaker LR210-BDD","Jared","2025-09-10 11:34:23","Does a semi flush trim kit come with this?","","","","","No","","10725498"
"homedepot","331014629","https://www.homedepot.com/p/Leviton-Decora-15-Amp-Tamper-Resistant-Duplex-Outlet-with-60W-USB-C-Power-Delivery-Charger-White-1-Pack-T5636-BW-R02-T5636-0BW/331014629","078477471494","Decora 15 Amp Tamper Resistant Duplex Outlet with 60W USB-C Power Delivery Charger, White (1-Pack) T5636-BW","Judy","2025-09-29 00:08:40","Outlet with usp and two white two blacks","","","","","No","","10760416"
"homedepot","315781986","https://www.homedepot.com/p/Leviton-Decora-Smart-Wi-Fi-Dimmer-Switch-in-White-Works-With-Google-Alexa-HomeKit-and-Anywhere-Companions-R02-D26HD-1RW/315781986","078477363225","Decora Smart Wi-Fi Dimmer Switch in White - Works With Google, Alexa, HomeKit, and Anywhere Companions","chad","2025-12-08 18:56:22","Will this work for track lights?","","","","","No","","10908956"
"homedepot","100356877","https://www.homedepot.com/p/Leviton-1-Gang-White-Toggle-Nylon-Standard-Sectional-End-Panel-Wall-Plate-1-Pack-PSE1-W-905-0PSE1-00W/100356877","078477839287","1-Gang White Toggle Nylon Standard Sectional End Panel Wall Plate (1-Pack) PSE1-W","Nancy","2025-08-29 21:10:54","Do the snap together switch plates come in a nickle finish","","","","","No","","10702739"
"homedepot","301446384","https://www.homedepot.com/p/Leviton-15-Amp-Commercial-Grade-Combination-3-Way-Toggle-Switch-Pilot-Light-Ivory-5246-I-5246-I/301446384","078477039830","15 Amp Commercial Grade Combination 3-Way Toggle Switch/Pilot Light, Ivory 5246-I","Dustin","2025-11-14 04:26:35","Does this require a neutral?","","","","","No","","10854347"
"homedepot","202059791","https://www.homedepot.com/p/Leviton-2-Gang-Light-Almond-Toggle-Plastic-Standard-Wall-Plate-1-Pack-78009-T-R56-78009-00T/202059791","078477461815","2-Gang Light Almond Toggle Plastic Standard Wall Plate (1-Pack) 78009-T","jwwilliams","2025-11-03 03:05:18","Can this switch plate be painted?","","","","","No","","10828942"
"homedepot","330996322","https://www.homedepot.com/p/50-Amp-125-250-Volt-EV-Power-Outlet-Receptacle-NEMA-14-50R-Black-1450R-1-Pack-R10-1450R-0B0/330996322","078477018255","50 Amp 125/250 Volt EV Power Outlet/Receptacle, NEMA 14-50R, Black 1450R (1-Pack)","Danny","2025-08-27 13:36:40","Can I plug my camper into this?","","","","","No","","10697634"
"homedepot","202035018","https://www.homedepot.com/p/Leviton-1-25W-125V-Combination-Switch-with-Neon-Pilot-Light-White-5226-WS-R52-05226-0WS/202035018","078477868843","1/25W-125V Combination Switch with Neon Pilot Light, White 5226-WS","john","2025-11-18 23:30:42","when the switch is off should the light be on","","","","","No","","10865645"
"homedepot","330996322","https://www.homedepot.com/p/50-Amp-125-250-Volt-EV-Power-Outlet-Receptacle-NEMA-14-50R-Black-1450R-1-Pack-R10-1450R-0B0/330996322","078477018255","50 Amp 125/250 Volt EV Power Outlet/Receptacle, NEMA 14-50R, Black 1450R (1-Pack)","Rich","2025-12-05 18:28:49","Can this be used for a welder","","","","","No","","10903162"
"homedepot","202059769","https://www.homedepot.com/p/Leviton-2-Gang-White-1-Toggle-1-Decora-Rocker-Nylon-Midway-Midsize-Wall-Plate-1-Pack-PJ126-W-R52-PJ126-00W/202059769","078477958612","2-Gang White 1-Toggle / 1-Decora/Rocker Nylon Midway/Midsize Wall Plate (1-Pack) PJ126-W","Linda","2025-09-27 04:49:46","Flat black?","","","","","No","","10757173"
"homedepot","330333492","https://www.homedepot.com/p/Leviton-Level-2-EV-Charger-Station-40-Amp-208-240-VAC-9-6-kW-Output-25-ft-Charging-Cable-NEMA-14-50P-Plug-EV40P-000-EV40P-000/330333492","078477015582","Level 2 EV Charger Station 40 Amp, 208/240 VAC, 9.6 kW Output 25 ft. Charging Cable NEMA 14-50P Plug EV40P","HUSK","2025-08-10 02:36:57","HOW LONG FOR A FULL CHARGE","","","","","No","","10659726"
"homedepot","301753978","https://www.homedepot.com/p/Leviton-15-Amp-Commercial-Grade-Combination-3-Way-Toggle-Switch-and-Receptacle-White-5245-W-5245-W/301753978","078477229903","15 Amp Commercial Grade Combination 3-Way Toggle Switch and Receptacle, White 5245-W","Allen","2025-10-02 20:46:55","Work with an existing 3 way switch","","","","","No","","10767812"
"homedepot","100684044","https://www.homedepot.com/p/Leviton-15-Amp-125-V-Commercial-Grade-Duplex-Outlet-Receptacle-White-10-Pack-CBR15-WMP-M22-CBR15-WMP/100684044","078477462720","15 Amp 125 V Commercial Grade Duplex Outlet/Receptacle, White (10-Pack) CBR15-WMP","Cman","2025-09-08 16:16:55","What does WMP stand for?","","","","","No","","10721988"
"homedepot","328459738","https://www.homedepot.com/p/Leviton-Smart-Mains-Metering-Accessory-for-Whole-Home-Energy-Monitoring-LWHEM-000-LSMMA-000/328459738","078477877371","Smart Mains Metering Accessory for Whole Home Energy Monitoring - LWHEM","Ryan","2025-08-20 07:13:03","Will this work for DC currents? I have DC battery storage & DC solar inputs.","","","","","No","","10680675"
"homedepot","205165472","https://www.homedepot.com/p/Leviton-15-Amp-125-Volt-Double-Pole-3-Wire-Grounding-Plug-Black-3W101-E-R50-3W101-00E/205165472","078477560549","15 Amp 125-Volt Double Pole 3-Wire Grounding Plug, Black 3W101-E","Newbie","2025-12-01 18:06:48","Can the fuse be replaced?","","","","","No","","10894079"
"homedepot","323276278","https://www.homedepot.com/p/Leviton-200-Amp-42-Space-42-Circuit-Indoor-Load-Center-with-Main-Circuit-Breaker-Door-Included-LP420-BDR-RD0-LP420-BDR/323276278","078477996393","200 Amp 42-Space, 42-Circuit Indoor Load Center with Main Circuit Breaker, Door Included LP420-BDR","Mike","2025-10-26 15:23:22","Will the main breaker receive 250 kcmil Aluminum Wire?","","","","","No","","10813075"
"homedepot","100055784","https://www.homedepot.com/p/Leviton-15-Amp-125-V-Duplex-Outlet-Receptacle-White-10-Pack-5320-WMP-M24-05320-WMP/100055784","078477800744","15 Amp 125 V Duplex Outlet/Receptacle, White (10-Pack) 5320-WMP","edse","2025-08-22 12:00:34","are the outlet label what amps they are","","","","","No","","10687027"
"homedepot","100026626","https://www.homedepot.com/p/Leviton-660-Watt-White-Electrical-Socket-and-Hickey-3152-8-R50-03152-008/100026626","078477195109","660-Watt White Electrical Socket and Hickey 3152-8","LNBe","2025-11-02 17:05:08","How do you connect a ground wire?","","","","","No","","10827741"
"homedepot","315781986","https://www.homedepot.com/p/Leviton-Decora-Smart-Wi-Fi-Dimmer-Switch-in-White-Works-With-Google-Alexa-HomeKit-and-Anywhere-Companions-R02-D26HD-1RW/315781986","078477363225","Decora Smart Wi-Fi Dimmer Switch in White - Works With Google, Alexa, HomeKit, and Anywhere Companions","Rizz","2025-09-29 16:04:54","Can you use two wireless 3/way compatible switches with this switch?","","","","","No","","10761360"
"homedepot","309612384","https://www.homedepot.com/p/Leviton-20-Amp-125-Volt-3-Wire-Connector-Yellow-520CV-Y-R00-520CV-00Y/309612384","078477404164","20 Amp 125-Volt 3-Wire Connector, Yellow 520CV-Y","ColdBlast","2025-09-08 21:38:53","What is the diameter of the circular body of this plug? That's what will determine whether it will fit into a power tool. The specifications listed leave a lot to be desired!","","","","","No","","10722777"
"homedepot","205165505","https://www.homedepot.com/p/Leviton-15-Amp-125-Volt-3-Wire-Plug-Orange-515PV-OR-R51-515PV-0OR/205165505","078477559567","15 Amp 125-Volt 3-Wire Plug, Orange 515PV-OR","Yeti","2025-08-24 01:56:33","Will this accommodate 12/3 SJOOW?","","","","","No","","10690591"
"homedepot","318506284","https://www.homedepot.com/p/Leviton-30-Amp-600-Volt-Non-Metallic-Non-Fused-Powerswitch-Safety-Disconnect-Switch-LDS30-AX-LDS30-AX/318506284","078477768020","30 Amp 600-Volt Non-Metallic Non-Fused Powerswitch Safety Disconnect Switch LDS30-AX","PDFi","2025-10-24 15:55:27","Can this switch be used for photovoltaic shut off? 320VDC at 15 amps","","","","","No","","10809274"
"homedepot","323402171","https://www.homedepot.com/p/Leviton-Additional-Charging-Station-Access-Control-RFID-Card-ERFID-ERFID/323402171","078477877647","Additional Charging Station Access Control (RFID) Card ERFID","Albana","2025-06-15 13:29:05","need to open a new home depot card","","","","","No","","10539467"
"homedepot","205996739","https://www.homedepot.com/p/Leviton-20-Amp-Self-Test-SmartlockPro-Slim-Duplex-GFCI-Outlet-White-R12-GFNT2-0RW/205996739","078477714690","20 Amp Self-Test SmartlockPro Slim Duplex GFCI Outlet, White","Gfci","2025-11-12 23:46:19","What size receptacle box is nneeded?","","","","","No","","10851495"
"homedepot","205996739","https://www.homedepot.com/p/Leviton-20-Amp-Self-Test-SmartlockPro-Slim-Duplex-GFCI-Outlet-White-R12-GFNT2-0RW/205996739","078477714690","20 Amp Self-Test SmartlockPro Slim Duplex GFCI Outlet, White","Nereyda","2025-11-15 15:19:28","Where it is made in usa or china","","","","","No","","10857191"
"homedepot","301410802","https://www.homedepot.com/p/Leviton-15-Amp-125-Volt-Rubber-Grounding-Plug-515PR-R-R70-515PR-00R/301410802","078477790946","15 Amp 125-Volt Rubber Grounding Plug 515PR-R","Jdkgray","2025-10-17 14:22:53","Will this work on a standard over the stove microwave?","","","","","No","","10794763"
"homedepot","100356815","https://www.homedepot.com/p/Leviton-1-Gang-White-Duplex-Outlet-Receptacle-Nylon-Midway-Midsize-Wall-Plate-1-Pack-PJ8-W-R62-00PJ8-00W/100356815","078477211892","1-Gang White Duplex Outlet/Receptacle Nylon Midway/Midsize Wall Plate (1-Pack) PJ8-W","Aaliyah","2025-11-19 22:17:09","What is the width height and length of it?","","","","","No","","10867840"
"homedepot","202034984","https://www.homedepot.com/p/Leviton-15-20-Amp-Single-Pole-Industrial-Toggle-Switch-Gray-1221-20G-R54-01221-20G/202034984","078477466049","15/20 Amp Single-Pole Industrial Toggle Switch, Gray 1221-20G","Jpss","2025-08-23 13:42:17","Safe for use with attic exhaust fan","","","","","No","","10689112"
"homedepot","300862165","https://www.homedepot.com/p/Leviton-20-Amp-125-250-Volt-Locking-Plug-Black-and-White-2411-CS-R50-02411-0CS/300862165","078477842775","20 Amp 125/250-Volt Locking Plug, Black and White 2411-CS","Patrick","2025-09-24 15:13:46","What is the NEMA number for this?","","","","","No","","10751800"
"homedepot","302183191","https://www.homedepot.com/p/Leviton-15-Amp-125-Volt-2-Pole-2-Wire-Polarized-Plug-White-101-WH-R62-00101-0WH/302183191","078477886038","15 Amp 125-Volt 2-Pole 2-Wire Polarized Plug, White 101-WH","MWMW","2025-11-30 12:54:58","Would this work with 22 gauge wire","","","","","No","","10890924"
"homedepot","100357004","https://www.homedepot.com/p/Leviton-Turn-Knob-Socket-Lamp-Holder-10083-16-R50-10083-016/100357004","078477305003","Turn-Knob Socket Lamp Holder 10083-16","Thomas","2025-08-17 13:58:49","Why is this a 250V rating? Can I use an LED bulb with a 120V rating?","","","","","No","","10674758"
"homedepot","301348955","https://www.homedepot.com/p/Leviton-1-Gang-Gray-Weather-Resistant-Decora-Rocker-Nylon-Standard-Vertical-Outdoor-Cover-1-Pack-4998-GY-4998-GY/301348955","078477201084","1-Gang Gray Weather Resistant Decora/Rocker Nylon Standard Vertical Outdoor Cover (1-Pack) 4998-GY","Allen","2025-09-21 15:53:40","Will a light switch fit (protrude) in this cover?","","","","","No","","10746027"
"homedepot","100058788","https://www.homedepot.com/p/Leviton-Decora-15-Amp-Single-Pole-Switch-White-5601-2WS-R72-05601-2WS/100058788","078477104163","Decora 15 Amp Single-Pole Switch, White 5601-2WS","Paintable","2025-11-12 14:46:05","Is this paintable?","","","","","No","","10850198"
"homedepot","202059823","https://www.homedepot.com/p/Leviton-3-Gang-Light-Almond-Toggle-Nylon-Midway-Midsize-Wall-Plate-1-Pack-PJ3-T-R56-00PJ3-00T/202059823","078477277256","3-Gang Light Almond Toggle Nylon Midway/Midsize Wall Plate (1-Pack) PJ3-T","Tucker","2025-11-30 16:46:10","Width","","","","","No","","10891367"
"homedepot","206645007","https://www.homedepot.com/p/Leviton-4-Gang-White-Duplex-Outlet-Receptacle-Polycarbonate-Standard-Screwless-Wall-Plate-1-Pack-80312-W-R02-80312-00W/206645007","078477794746","4-Gang White Duplex Outlet/Receptacle Polycarbonate Standard Screwless Wall Plate (1-Pack) 80312-W","duxinhi","2025-09-28 20:44:22","are these paintable?","","","","","No","","10760099"
"homedepot","100201339","https://www.homedepot.com/p/Leviton-3-Amp-Appliance-Cord-Switch-White-5410-W-R52-05410-00W/100201339","078477982693","3 Amp Appliance Cord Switch, White 5410-W","Fred","2025-12-08 04:44:39","can this be used for christmas decorations 120 volt?","","","","","No","","10908035"
"homedepot","100356874","https://www.homedepot.com/p/Leviton-Weatherproof-Socket-Black-55-R60-00055-000/100356874","078477839591","Weatherproof Socket, Black 55","Dilip","2025-11-26 20:18:32","What is the outside dimension of the boot?y","","","","","No","","10883139"
"homedepot","315781986","https://www.homedepot.com/p/Leviton-Decora-Smart-Wi-Fi-Dimmer-Switch-in-White-Works-With-Google-Alexa-HomeKit-and-Anywhere-Companions-R02-D26HD-1RW/315781986","078477363225","Decora Smart Wi-Fi Dimmer Switch in White - Works With Google, Alexa, HomeKit, and Anywhere Companions","Lenn","2025-10-05 01:49:13","Does this work with dimmable leds","","","","","No","","10771868"
"homedepot","302183191","https://www.homedepot.com/p/Leviton-15-Amp-125-Volt-2-Pole-2-Wire-Polarized-Plug-White-101-WH-R62-00101-0WH/302183191","078477886038","15 Amp 125-Volt 2-Pole 2-Wire Polarized Plug, White 101-WH","Alex","2025-09-21 13:23:11","How wire attached","","","","","No","","10745772"
"homedepot","100170446","https://www.homedepot.com/p/Leviton-Outlet-to-Socket-Light-Plug-White-61-W-R52-00061-00W/100170446","078477077375","Outlet-to-Socket Light Plug, White 61-W","Stonmeister","2025-09-28 19:32:45","Can I use a 200w 120v bulb with this?","","","","","No","","10759941"
"homedepot","301410802","https://www.homedepot.com/p/Leviton-15-Amp-125-Volt-Rubber-Grounding-Plug-515PR-R-R70-515PR-00R/301410802","078477790946","15 Amp 125-Volt Rubber Grounding Plug 515PR-R","Bill","2025-11-22 20:47:54","Is this product outdoor rated","","","","","No","","10874404"
"homedepot","100356849","https://www.homedepot.com/p/Leviton-Plastic-Keyless-Lamp-Holder-8829-CW4-R50-08829-CW4/100356849","078477103180","Plastic Keyless Lamp Holder 8829-CW4","Mario","2025-09-15 19:40:24","Can it be used with Audles led garage lights","","","","","No","","10735152"
"homedepot","100026626","https://www.homedepot.com/p/Leviton-660-Watt-White-Electrical-Socket-and-Hickey-3152-8-R50-03152-008/100026626","078477195109","660-Watt White Electrical Socket and Hickey 3152-8","Rock","2025-11-29 04:37:58","Can this be used on an outside light fixture","","","","","No","","10888251"
"homedepot","100078412","https://www.homedepot.com/p/Leviton-Decora-15-Amp-3-Way-Switch-White-5603-2WS-R62-05603-2WS/100078412","078477104194","Decora 15 Amp 3-Way Switch, White 5603-2WS","John","2025-09-01 16:48:46","how do i wire it ?","","","","","No","","10708194"
"homedepot","100356874","https://www.homedepot.com/p/Leviton-Weatherproof-Socket-Black-55-R60-00055-000/100356874","078477839591","Weatherproof Socket, Black 55","Wire","2025-10-11 21:21:54","what gauge wire is used","","","","","No","","10784106"
